epoch,global_step,loss_D,loss_G,grad_norm_D,grad_norm_G,discriminator_updates,generator_updates,V_trace,V_direct_success,accuracy,z_real,z_fake,output_mass_real,output_mass_fake,leakage_real,leakage_fake,fidelity_mean_states,trace_distance_mean_states,hellinger_mean_states,total_variation_mean_states,purity_real_mean_state,purity_fake_mean_state,trace_drift_max,trace_imag_max,hermiticity_drift_max,min_eigenvalue,autoencoder_reconstruction_mse,generated_mean_image_mse,generated_image_pixel_variance,real_image_pixel_variance,generated_latent_effective_dimensions,epoch_seconds,peak_cuda_memory_mb
0,63,-0.509537615946361,-0.21685625812797635,0.02931551475610052,1.2634484843602256,63,189,0.5377561450004578,0.5377562046051025,0.5,0.6281061172485352,0.4770814776420593,1.0,1.0000001192092896,-1.4901161193847656e-08,-1.043081283569336e-07,0.7446637739495764,0.33893636544405387,0.15549744188716144,0.18087354874703074,0.7862093901324866,0.6378737718452576,1.747248461470008e-07,2.025952159593475e-08,3.162385308435121e-08,-3.938100597552355e-08,0.005397025495767593,0.01609916053712368,0.032998062670230865,0.05026673525571823,60.8671760559082,10.189199599997664,104.63720703125
1,126,-0.5277208818329705,-0.5455878998236682,0.042272786417650796,1.1364061703126898,63,189,0.529636025428772,0.5296360850334167,0.5,0.6616751551628113,0.5431310534477234,1.000000238418579,1.0000001192092896,-1.341104507446289e-07,-1.1920928955078125e-07,0.7181266182991743,0.3607063297872104,0.171925653697965,0.19631913704630743,0.7348234987657772,0.6406519924542833,2.136905550287338e-07,3.201491976471266e-08,2.634178031930877e-08,-4.336934421602253e-08,0.00596168078482151,0.024460719898343086,0.035418666899204254,0.06231209635734558,59.745994567871094,10.3416864000028,104.63720703125
2,189,-0.5359707843689692,-0.557732486851001,0.039570448949696524,1.1017781978561765,63,189,0.5368824005126953,0.5368824601173401,0.5,0.7008280158042908,0.5532984733581543,1.0000001192092896,1.000000238418579,-1.043081283569336e-07,-1.6391277313232422e-07,0.7369592180045419,0.3531679231062975,0.16485823264693392,0.19395321697876225,0.750352979870677,0.6437154998074524,3.0445880838669837e-07,1.8520354274492723e-08,2.634178031930877e-08,-4.245854776534962e-08,0.0054005468264222145,0.010005442425608635,0.033933237195014954,0.05037471279501915,60.51821517944336,10.243157000000792,104.63720703125
3,252,-0.5425936362100026,-0.5430308622973306,0.04053327547652381,1.1245921446532798,63,189,0.5630415081977844,0.5630415081977844,0.5,0.7655548453330994,0.5133888721466064,1.0,1.0,-2.2351741790771484e-08,-4.470348358154297e-08,0.7250706908633427,0.3753046451523246,0.189239379700458,0.21596247025807155,0.8004354308641486,0.6380091047050763,1.89291313290596e-07,1.0313990453370003e-08,2.634178031930877e-08,-4.549180778873835e-08,0.005571294575929642,0.017200559377670288,0.034699246287345886,0.04985051974654198,58.65256881713867,10.133878300002834,104.63720703125
4,315,-0.5460164177985418,-0.5318796174236076,0.039565192565085394,1.1304717347735451,63,189,0.549832820892334,0.5498328804969788,0.5,0.7029540538787842,0.503622829914093,1.000000238418579,1.0000001192092896,-1.4901161193847656e-07,-1.1920928955078125e-07,0.7205000113933429,0.3692818652795723,0.1654697800617251,0.19087769134038068,0.7014780787245729,0.6530542699453059,2.709421096369624e-07,1.9671497430984175e-08,2.6080215126424288e-08,-5.271086919089263e-08,0.007609569001942873,0.014784484170377254,0.02997567318379879,0.05898834019899368,59.93883514404297,10.458425000000716,104.63720703125
5,378,-0.5462936295403374,-0.5173898591566338,0.03925836789939138,1.1274763541246848,63,189,0.5243769884109497,0.5243769884109497,0.5,0.6907854676246643,0.5932774543762207,1.0,1.0,2.9802322387695312e-08,-2.9802322387695312e-08,0.7257260555822332,0.3340825652331595,0.1468416592380949,0.16226136514216838,0.7027178127244351,0.6577207237118118,1.6293779481202364e-07,3.379724756655267e-08,2.7120522742273353e-08,-4.928365866955753e-08,0.009559440426528454,0.012456759810447693,0.028751766309142113,0.059095509350299835,59.9171142578125,10.309822399998666,104.63720703125
6,441,-0.5483189565794808,-0.5318289132660659,0.039223287845887835,1.1261762144073608,63,189,0.5518459677696228,0.5518459677696228,0.5,0.7435849905014038,0.5362011194229126,1.0,1.0,-2.2351741790771484e-08,-5.960464477539063e-08,0.713165682076422,0.35812857702431616,0.1737144945481444,0.19950320786970333,0.750960422561335,0.6378966206106862,1.486405381001532e-07,4.55915563227563e-08,2.980800618758368e-08,-4.596955997091534e-08,0.007077061105519533,0.01415615901350975,0.03804653510451317,0.05501268804073334,59.078407287597656,10.17137989999901,104.63720703125
7,504,-0.5500349099673922,-0.5407252683841363,0.038295157431137,1.104912586943813,63,189,0.5625497698783875,0.5625497698783875,0.5,0.752582848072052,0.5023837089538574,1.0,1.0,-4.470348358154297e-08,-5.960464477539063e-08,0.7101570135979955,0.3804461680391049,0.19163475637002614,0.20989350984495553,0.7615111341124292,0.637050086588363,1.5958084986777976e-07,2.0912296084044102e-08,2.837096566656198e-08,-5.003148659811107e-08,0.005988140590488911,0.018911609426140785,0.034479640424251556,0.049457333981990814,58.97997283935547,10.17679770000177,104.63720703125
8,567,-0.5522690500531878,-0.5158717301156786,0.03991684240717736,1.1305265309949402,63,189,0.564289391040802,0.5642894506454468,0.5,0.7271170616149902,0.46995943784713745,1.0000001192092896,1.0,-1.1920928955078125e-07,-5.21540641784668e-08,0.7177575768534448,0.36205316531938225,0.16950745811962967,0.19476469952378261,0.746923143505563,0.656518855529053,1.6912235878407955e-07,1.0320671393893033e-08,3.514431838712321e-08,-5.1181298059248746e-08,0.0049331216141581535,0.019117170944809914,0.027018098160624504,0.05432266369462013,60.084259033203125,10.34519039999941,104.63720703125
9,630,-0.5514194662608798,-0.5114219597092381,0.03874878047241105,1.125766721036699,63,189,0.5519809722900391,0.5519810914993286,0.5,0.742398738861084,0.5344747304916382,1.000000238418579,1.000000238418579,-1.9371509552001953e-07,-1.7881393432617188e-07,0.7092232551845654,0.3468014126226006,0.16449586615554077,0.1854192765252149,0.7196033117122483,0.6304168744187406,2.9604416340589523e-07,2.5081889357125853e-08,2.989313350190229e-08,-4.6445506109295175e-08,0.005674008280038834,0.01125606894493103,0.03692954033613205,0.056460991501808167,59.949039459228516,10.25293160000001,104.63720703125
10,693,-0.5535430794670468,-0.5363217355713011,0.0391852804237888,1.1047903554780143,63,189,0.5752368569374084,0.5752369165420532,0.5,0.8078612089157104,0.5069138407707214,1.0000001192092896,1.000000238418579,-1.043081283569336e-07,-1.7881393432617188e-07,0.7393119119979833,0.3820210513594844,0.19504762170648154,0.2132765670096055,0.8185391698696508,0.6403112736132327,2.2523454390466213e-07,4.185812969674518e-08,3.204615886152769e-08,-5.344571081184689e-08,0.004223042633384466,0.032441604882478714,0.035848766565322876,0.04785771667957306,58.5638427734375,10.242010200003278,104.63720703125
11,756,-0.5549747574897039,-0.526883643928659,0.03907144785163894,1.1193563203332286,63,189,0.5497725009918213,0.5497725009918213,0.5,0.7720016241073608,0.5729117393493652,1.0000001192092896,1.0000001192092896,-1.1920928955078125e-07,-1.1920928955078125e-07,0.7118623382306817,0.3555526298438133,0.15999013613833513,0.17569037423196693,0.7591099951358705,0.6488299831955049,2.5029294192790985e-07,3.622751361658655e-08,5.268356063861754e-08,-5.2925791701535044e-08,0.006505867000669241,0.014126738533377647,0.03125404939055443,0.05570176988840103,58.3304328918457,10.259959600000002,104.63720703125
12,819,-0.5556964325526405,-0.5113750270434788,0.03962359908554289,1.1209327326249825,63,189,0.5657637715339661,0.5657637715339661,0.5,0.7804759740829468,0.5174208879470825,1.0,1.0000001192092896,-2.2351741790771484e-08,-8.940696716308594e-08,0.7276760653133867,0.35785345083527026,0.17208151252334364,0.19483803898175023,0.7694516835249428,0.6437836563301661,2.2038875613361597e-07,4.360638987573051e-08,5.228694099045619e-08,-4.9370559068953856e-08,0.006100371014326811,0.019936084747314453,0.03122640959918499,0.05564378201961517,60.22513198852539,10.476901499998348,104.63720703125
13,882,-0.5563182679433671,-0.5188857238128702,0.03840427514579561,1.1101095307440985,63,189,0.5513989329338074,0.5513989925384521,0.5,0.7464531660079956,0.5408573746681213,1.0000001192092896,1.000000238418579,-1.2665987014770508e-07,-1.341104507446289e-07,0.7324804502183939,0.3304158425442911,0.15228877425467632,0.1693808942305469,0.7412366100977024,0.6431604621487939,2.634806151036173e-07,2.3253766624070638e-08,3.384944395234109e-08,-5.241667296338576e-08,0.005140069872140884,0.013724129647016525,0.03458520770072937,0.058528535068035126,60.267818450927734,10.464404599999398,104.63720703125
14,945,-0.5557452714632428,-0.5333588836054323,0.038503347171677485,1.1127656597309012,63,189,0.5728541612625122,0.5728541612625122,0.5,0.8015358448028564,0.5101193189620972,1.0,1.0,2.2351741790771484e-08,1.4901161193847656e-08,0.6977056159501275,0.4005542828978643,0.1952050933381838,0.22059482515452883,0.7901520648453342,0.5697349206337832,1.078587956726551e-07,3.3425596530217705e-08,3.2489678901643324e-08,-6.047599549597652e-08,0.005503615364432335,0.02385023795068264,0.03866339474916458,0.048814382404088974,59.18919372558594,10.332182399997691,104.63720703125
15,1008,-0.557461314731174,-0.532120606413594,0.038572084454316945,1.1158440264444502,63,189,0.5615652799606323,0.5615652799606323,0.5,0.7755237221717834,0.5292626619338989,1.0,1.000000238418579,-7.450580596923828e-08,-1.564621925354004e-07,0.7178414651617017,0.35526657882861634,0.15664927816055374,0.18115485305589352,0.7266121963411943,0.621750808032578,2.3485335987061262e-07,2.7411572119800942e-08,3.370902085308075e-08,-5.782441833007689e-08,0.005194874480366707,0.010972133837640285,0.03286094591021538,0.05757923796772957,59.682865142822266,10.50461560000258,104.63720703125
16,1071,-0.5580073188221644,-0.534993932676063,0.03835200338018319,1.1144730672634469,63,189,0.5254677534103394,0.5254677534103394,0.5,0.741897702217102,0.6400266885757446,1.0,1.0,0.0,0.0,0.695192143533927,0.40106383867733775,0.21020034917627137,0.24396941379739417,0.7288922042385693,0.6808232810176519,1.485605025663972e-07,3.448150721896415e-08,2.9155008201484622e-08,-4.947253037028572e-08,0.006998066790401936,0.025201283395290375,0.03352973982691765,0.05521739274263382,59.429866790771484,10.38440890000129,104.63720703125
17,1134,-0.5590133023640466,-0.508962360166368,0.0368621964303274,1.126607907196832,63,189,0.5631021857261658,0.5631022453308105,0.5,0.7044064402580261,0.45199769735336304,1.000000238418579,1.000000238418579,-1.1920928955078125e-07,-1.4901161193847656e-07,0.7434895625026944,0.34538477172346743,0.16786639984455806,0.19342474160557777,0.7608384740434198,0.6704866917704904,2.3528991732746363e-07,2.9142409173343875e-08,4.8652134413305585e-08,-5.186937727470382e-08,0.005488600581884384,0.01355223823338747,0.03120005875825882,0.05132221430540085,59.89303970336914,10.40000389999841,104.63720703125
18,1197,-0.5605057771243747,-0.4952578377471399,0.03736752256869324,1.1339430872094693,63,189,0.5413528084754944,0.5413528084754944,0.5,0.7054281234741211,0.5400168895721436,1.0,1.0,7.450580596923828e-09,-4.470348358154297e-08,0.6921912707877336,0.3783992272663751,0.18627903731125292,0.21917401836458475,0.7266382563618352,0.6061384596688955,1.864027581177652e-07,3.327464677491815e-08,3.062996683319367e-08,-6.214940581351132e-08,0.005448868032544851,0.015873409807682037,0.03768756985664368,0.05705036222934723,59.83951187133789,10.418066799997177,104.63720703125
19,1260,-0.5581930913622417,-0.4968082032821797,0.037873980870086046,1.130871538131956,63,189,0.5719201564788818,0.5719201564788818,0.5,0.8012151122093201,0.5135344862937927,1.0,1.0,7.450580596923828e-09,2.2351741790771484e-08,0.706555682059233,0.3652127789651271,0.16724746045932737,0.19168885207375452,0.802402393165181,0.6159546383053395,1.1539668776094913e-07,3.899843457021157e-08,3.7990655851310376e-08,-6.820481215946306e-08,0.005912981927394867,0.019229836761951447,0.029345976188778877,0.046464305371046066,58.9113655090332,10.521826899999724,104.63720703125
20,1323,-0.5573195919157967,-0.5418703464603929,0.03712445470903601,1.096432905033152,63,189,0.5564411282539368,0.5564411282539368,0.5,0.7315331697463989,0.5057686567306519,1.0,1.0,-5.21540641784668e-08,-2.2351741790771484e-08,0.7021352442261015,0.3438796456170489,0.14654952996702658,0.1692374060555908,0.6833683764302645,0.6231104366754078,1.3282988220453262e-07,3.8633101766272215e-08,3.7438704152110554e-08,-5.821120722231413e-08,0.005205993074923754,0.011596212163567543,0.0314410924911499,0.06333012878894806,60.54621124267578,10.535626400000183,104.63720703125
21,1386,-0.5606899829137892,-0.5195194596336001,0.038034754080904856,1.1087333121627727,63,189,0.5463739037513733,0.5463739633560181,0.5,0.7122706174850464,0.5267749428749084,1.0,1.0,-7.450580596923828e-09,-3.725290298461914e-08,0.7038742319731415,0.3620882828128564,0.16421684762216063,0.1830738950994535,0.6808112145668164,0.6494429136656241,1.6472768038511276e-07,2.828190701423261e-08,4.012260442327338e-08,-5.945671181986722e-08,0.007153997663408518,0.01787719689309597,0.0296076238155365,0.05670604482293129,60.31332778930664,10.457852099996671,104.63720703125
22,1449,-0.5603535317239308,-0.5227772133060233,0.037676160031604386,1.1194966271440818,63,189,0.5564788579940796,0.5564789175987244,0.5,0.7713231444358826,0.5454075932502747,1.0,1.0,-7.450580596923828e-08,-4.470348358154297e-08,0.7416473218128234,0.3233951318929531,0.13777688436176108,0.15897980531811856,0.744251293317808,0.6692254522159489,2.1368032321333885e-07,2.0383115625910442e-08,3.0321666218526114e-08,-4.92528702028771e-08,0.006370993796736002,0.018485402688384056,0.02813633531332016,0.06179279088973999,60.70193862915039,10.685548999997991,104.63720703125
23,1512,-0.5608032771519252,-0.5171688741477078,0.03709010924730036,1.1195066962292586,63,189,0.5581746101379395,0.5581746101379395,0.5,0.7612028121948242,0.5285043716430664,1.0,1.0,-7.450580596923828e-09,-5.960464477539063e-08,0.7339153420965148,0.34103674297094144,0.15659250327890345,0.18123166977810018,0.7267578817314433,0.6699357469907775,1.8707942217588425e-07,3.3459021716447657e-08,4.53201124839352e-08,-5.04365677315656e-08,0.006627608090639114,0.012387647293508053,0.02939145267009735,0.057915180921554565,59.47494125366211,10.409413499997754,104.63720703125
24,1575,-0.5625178965311202,-0.5023537882106014,0.03687068547994372,1.13337315327276,63,189,0.568803608417511,0.5688036680221558,0.5,0.720876157283783,0.44566163420677185,1.0,1.0,-8.940696716308594e-08,-1.043081283569336e-07,0.7202699269693855,0.358451658738487,0.17398168951990803,0.2004383252640546,0.777185761441981,0.6183075648525402,1.7920683603733778e-07,3.61275376559167e-08,4.114717624033712e-08,-5.348038955364973e-08,0.00674695149064064,0.019262202084064484,0.03742552548646927,0.05441494658589363,59.69345474243164,10.338783400002285,104.63720703125
25,1638,-0.5606721885620601,-0.4963561332730389,0.036425375010049534,1.1397712498745591,63,189,0.5457343459129333,0.5457343459129333,0.5,0.7508602738380432,0.5679229497909546,1.0,1.0,-2.2351741790771484e-08,-1.4901161193847656e-08,0.7226419373996703,0.36291783735621724,0.17651701029300865,0.19169940048126838,0.7409818247340774,0.6587648599837439,1.5037949196994305e-07,4.3877324610447355e-08,3.514431838712321e-08,-5.741318768006476e-08,0.006195189896970987,0.01587393693625927,0.03261059150099754,0.05331438407301903,59.14439010620117,10.402965000001132,104.63720703125
26,1701,-0.5615992214944627,-0.5327636320439596,0.03673249675286195,1.1015779413874187,63,189,0.5563433170318604,0.5563433170318604,0.5,0.7700545787811279,0.544681191444397,1.0,1.0,-7.450580596923828e-09,-2.2351741790771484e-08,0.7084754900642729,0.37558890376224086,0.18696863511643252,0.21396494653770748,0.7522742953662345,0.6649125786897641,1.434236764907837e-07,3.295249814336265e-08,3.781903629050954e-08,-5.6097100260570166e-08,0.006424744613468647,0.019711902365088463,0.030166422948241234,0.05595778673887253,59.13739776611328,10.58224809999956,104.63720703125
27,1764,-0.5624240324610755,-0.513729244943649,0.037827308570581766,1.11838006468677,63,189,0.5536780953407288,0.5536781549453735,0.5,0.784268856048584,0.569556474685669,1.000000238418579,1.0000001192092896,-1.341104507446289e-07,-1.2665987014770508e-07,0.7512511068519838,0.3393716491458238,0.1607745029008924,0.18135992860509306,0.7773213361542406,0.6486551099784912,2.0636070985347033e-07,3.006391851440027e-08,3.839941346661803e-08,-6.222990881035979e-08,0.004675273783504963,0.012461061589419842,0.034042831510305405,0.04841474071145058,59.518516540527344,11.019195500000933,104.63720703125
28,1827,-0.56165421576727,-0.5195036580953648,0.03685228369893536,1.1153066274981018,63,189,0.572834312915802,0.5728343725204468,0.5,0.7916513085365295,0.5003139972686768,1.000000238418579,1.0,-1.341104507446289e-07,-8.940696716308594e-08,0.6962202077219666,0.363573248425881,0.15449354638286394,0.168511571374154,0.7454182127129585,0.6039921820125316,2.50496668741107e-07,2.3725161029351793e-08,3.20808184470388e-08,-5.367436389442558e-08,0.007010740227997303,0.016880478709936142,0.03340058773756027,0.05995706096291542,60.151859283447266,10.731318599999213,104.63720703125
29,1890,-0.5612299508518643,-0.5273654069850053,0.03704334251464359,1.1054875396546864,63,189,0.5600496530532837,0.5600495934486389,0.5,0.7623339891433716,0.5221354961395264,0.9999999403953552,1.0,5.960464477539063e-08,4.470348358154297e-08,0.7119316441961844,0.36802541332745753,0.15813042138146208,0.1703204796895955,0.7190282283116561,0.6143356112482761,1.0209623724222183e-07,5.0435817649033265e-08,3.374679187684029e-08,-7.343762745846153e-08,0.004907638765871525,0.011474835686385632,0.03591646999120712,0.05504833906888962,59.55693054199219,10.662020499999926,104.63720703125
30,1953,-0.562601457512568,-0.5333596491624438,0.03690743014689476,1.1012886579705294,63,189,0.5447432398796082,0.5447432398796082,0.5,0.7569413185119629,0.5779683589935303,1.0,1.0,-5.960464477539063e-08,-7.450580596923828e-09,0.7187317149450149,0.3774113269710307,0.18247104814040557,0.20653124271135842,0.721407126122928,0.6481128910962092,8.986535249277949e-08,2.713765409612101e-08,4.4719797034632104e-08,-5.9537993305711616e-08,0.0061308108270168304,0.01720617339015007,0.03167679160833359,0.05394637584686279,60.1627311706543,10.32157400000142,104.63720703125
31,2016,-0.5619608078684125,-0.5367225791726794,0.0370964960505565,1.0917447871632047,63,189,0.5646321177482605,0.5646321773529053,0.5,0.7860009670257568,0.5274724960327148,1.0,1.0000001192092896,-8.940696716308594e-08,-9.685754776000977e-08,0.6929055508409103,0.38741001137504316,0.19156247035528665,0.21161626403508615,0.7678708673424401,0.6011204241920418,2.3374741431325674e-07,3.4639895753890704e-08,3.6166026888317614e-08,-5.2251531332422854e-08,0.004297934006899595,0.01797167956829071,0.04212736338376999,0.050768494606018066,59.99774169921875,10.287227100001473,104.63720703125
32,2079,-0.5619660218556722,-0.52168573541616,0.036422013053818356,1.1106797078299144,63,189,0.5535440444946289,0.5535439848899841,0.5,0.7535854578018188,0.5394093990325928,0.9999999403953552,1.0,3.725290298461914e-08,1.4901161193847656e-08,0.7049376808338332,0.37378243731049116,0.17870768091872352,0.1963378973299839,0.7213476252277772,0.6537430205844018,1.3691169442608953e-07,3.069382606413207e-08,3.4247480348119315e-08,-5.226752374874628e-08,0.00690867006778717,0.014196781441569328,0.035732023417949677,0.05849611386656761,60.554351806640625,10.461043799998151,104.63720703125
33,2142,-0.5612724773467533,-0.5254579304702698,0.03681043301901174,1.1138786834383767,63,189,0.5592177510261536,0.5592178106307983,0.5,0.7443073987960815,0.5074364542961121,1.0,1.0,0.0,-4.470348358154297e-08,0.6809026855054955,0.4174993889595157,0.2044333639356816,0.2499726782518184,0.7055282428012384,0.6109900097407654,1.326698111370206e-07,4.078983505476086e-08,6.006850114687196e-08,-5.3055406804872595e-08,0.006403426639735699,0.02047879807651043,0.031876057386398315,0.05331917479634285,57.730255126953125,10.419528100002935,104.63720703125
34,2205,-0.5615214781155662,-0.5407422495582116,0.03632539971953347,1.0937627317413452,63,189,0.5535573959350586,0.5535574555397034,0.5,0.7645922899246216,0.5503627061843872,1.0,1.0,-7.450580596923828e-08,-6.705522537231445e-08,0.6916456734423929,0.3785728523224514,0.18917794880175906,0.20779218666850788,0.7107872348017138,0.6187776829403546,1.9787694327533245e-07,4.3554599836459484e-08,3.55857856097497e-08,-6.802442844022811e-08,0.006803139112889767,0.015071481466293335,0.03617643564939499,0.058463916182518005,58.328155517578125,10.376235199997609,104.63720703125
35,2268,-0.5627434953810677,-0.530116739727202,0.03626569118055086,1.106084808470711,63,189,0.5772943496704102,0.5772943496704102,0.5,0.7990849018096924,0.4899075925350189,1.0,1.0,2.2351741790771484e-08,2.2351741790771484e-08,0.7277271911061247,0.3524226323879431,0.16382252469846312,0.18317136250762592,0.7752845561190869,0.650738692780864,1.2214877642691135e-07,3.364337294864406e-08,3.1828894262453654e-08,-5.366697321920291e-08,0.005910645704716444,0.011078211478888988,0.034499164670705795,0.05437272787094116,59.64244079589844,10.463208799999848,104.63720703125
36,2331,-0.56133376605927,-0.5327611043655053,0.03612017510310998,1.1017202391195549,63,189,0.538989245891571,0.5389893054962158,0.5,0.7333642244338989,0.5774072408676147,1.0,1.0,7.450580596923828e-09,-7.450580596923828e-08,0.7364843431650192,0.32477311570150724,0.14734346380108077,0.16709185346311445,0.7067280414079449,0.6716157859699666,1.460502971895039e-07,3.208206086902088e-08,4.53201124839352e-08,-6.645028510546777e-08,0.006291350349783897,0.011862311512231827,0.03109225630760193,0.05649707093834877,60.38826370239258,10.2702031000008,104.63720703125
37,2394,-0.5615086602786231,-0.5300122751760735,0.03612927950563885,1.0943006299160145,63,189,0.5759961605072021,0.5759961605072021,0.5,0.7902822494506836,0.48629769682884216,1.0000001192092896,1.0,-9.685754776000977e-08,-6.705522537231445e-08,0.708951125122429,0.3804591049176501,0.1810866139966124,0.2105518411473127,0.7854491864443632,0.6221880230251233,2.3205939214676619e-07,3.374054197841092e-08,2.637571466283566e-08,-6.184826171106455e-08,0.005547668319195509,0.013616975396871567,0.03678465262055397,0.046837661415338516,58.444026947021484,10.41824760000236,104.63720703125
38,2457,-0.5629327968945579,-0.5297827452578873,0.03630162991346821,1.1059005392922296,63,189,0.5613331198692322,0.561333179473877,0.5,0.7818518877029419,0.5365194082260132,1.0,1.0000001192092896,-8.940696716308594e-08,-1.043081283569336e-07,0.7146873031220857,0.3743567643599088,0.1748836912546821,0.1997877550261543,0.753494076646111,0.6407062169736691,2.6013003662228584e-07,2.9212880733354984e-08,3.7990655851310376e-08,-6.059003020157575e-08,0.005351369269192219,0.02277134358882904,0.03489421680569649,0.05696713924407959,59.65711975097656,10.44644419999895,104.63720703125
39,2520,-0.5613990492290921,-0.5283948039567029,0.03637778345081541,1.111812101785468,63,189,0.5616663694381714,0.5616663694381714,0.5,0.7536803483963013,0.5070149302482605,1.0,1.0,-2.9802322387695312e-08,0.0,0.72451088184257,0.38107422014783926,0.1914076718247501,0.21674212505203602,0.7716161267875349,0.6735746830579363,1.1044176062569022e-07,2.613729013778432e-08,3.7741552885532624e-08,-5.6427553891356964e-08,0.00642258208245039,0.023330722004175186,0.025968285277485847,0.05144048109650612,61.287261962890625,10.263439700000163,104.63720703125
40,2583,-0.5613815727688017,-0.5275253655103148,0.03554878150305105,1.1052987190781447,63,189,0.5639424324035645,0.5639424324035645,0.5,0.7811863422393799,0.5254167318344116,1.0,1.0,7.450580596923828e-09,-6.705522537231445e-08,0.7236098744326287,0.33867017411878897,0.1482560533963174,0.16263312064821892,0.7456950798385139,0.6385186736518511,1.6402918845415115e-07,3.527272630053646e-08,4.607929615994163e-08,-5.324765136997293e-08,0.007175517734140158,0.008141614496707916,0.03569789603352547,0.0522516593337059,59.594966888427734,10.442437000001519,104.63720703125
41,2646,-0.5617564235414777,-0.5471698767924434,0.03537442745079124,1.0901789412927376,63,189,0.5702424049377441,0.5702424049377441,0.5,0.7994624972343445,0.5184929370880127,1.000000238418579,1.000000238418579,-1.341104507446289e-07,-1.4901161193847656e-07,0.685393755399639,0.4219406041897784,0.22345740818523868,0.24610572245055484,0.7089658867194166,0.6659865744720399,2.474153006915003e-07,4.076313884007754e-08,3.4553533367898126e-08,-6.05160882572953e-08,0.005492859985679388,0.01963638886809349,0.029267502948641777,0.06124226748943329,57.828060150146484,10.474250899998879,104.63720703125
42,2709,-0.5625319357902284,-0.535144928586546,0.035594190722183575,1.1019784855464148,63,189,0.5422263145446777,0.5422264337539673,0.5,0.7726706266403198,0.6037652492523193,1.0,1.000000238418579,-2.9802322387695312e-08,-1.2665987014770508e-07,0.7160223280355625,0.36317342917161155,0.18475664941903566,0.2051834406997507,0.7089835108834476,0.6480934193042602,2.0315383153501898e-07,1.7113176299654587e-08,3.332000937312528e-08,-5.8676383056500554e-08,0.005326054524630308,0.017486590892076492,0.03287893533706665,0.062100235372781754,58.854957580566406,10.56987780000054,104.63720703125
43,2772,-0.5625635716650221,-0.5457182201758894,0.03608343614235757,1.0924079850237205,63,189,0.5710498690605164,0.5710499286651611,0.5,0.808202862739563,0.5240033268928528,1.000000238418579,1.0,-1.4901161193847656e-07,-8.940696716308594e-08,0.6995741546771421,0.3631284780527352,0.1612662514655356,0.18308036872999373,0.7542476087226601,0.6189112330481834,2.0876086637144908e-07,3.7301467976924574e-08,3.960037906741593e-08,-5.553125482142103e-08,0.005163193214684725,0.010639315471053123,0.03135479986667633,0.05141841620206833,58.6764030456543,10.456880499998078,104.63720703125
44,2835,-0.5631328168369475,-0.5312828016344202,0.03605282685113332,1.098625123500824,63,189,0.5501925349235535,0.5501925349235535,0.5,0.7556711435317993,0.5549010634422302,1.0,1.0,-2.9802322387695312e-08,-2.2351741790771484e-08,0.6875811024197012,0.3813478166582039,0.181517522285271,0.2124163332598622,0.6845743457130786,0.6570243702739134,9.852556104306132e-08,4.8101585537613234e-08,3.474718823781586e-08,-5.5633460258327215e-08,0.006355208810418844,0.017394116148352623,0.03175268694758415,0.060532934963703156,60.4994010925293,10.527892099999008,104.63720703125
45,2898,-0.5617565512657166,-0.5396649214641127,0.03614999460322516,1.0914158628731179,63,189,0.5512807369232178,0.5512807369232178,0.5,0.7962841987609863,0.5911612510681152,1.0,1.0,7.450580596923828e-09,-7.450580596923828e-09,0.7061286259739019,0.35748270781219094,0.16274090229892627,0.17811887236284224,0.6995817204831551,0.6323046516262221,1.1080919648520648e-07,2.3191339557082635e-08,4.5310579580825715e-08,-5.707060370479168e-08,0.004849784076213837,0.014401868917047977,0.0347449816763401,0.060796964913606644,59.34392166137695,10.499171499999647,104.63720703125
46,2961,-0.5621565154620579,-0.5516586756264722,0.03597293081619437,1.0709036103001348,63,189,0.5518049597740173,0.5518049597740173,0.5,0.7938406467437744,0.5866208076477051,1.0,1.0,-4.470348358154297e-08,-3.725290298461914e-08,0.7252840128683095,0.3485957586106341,0.15120851729553617,0.17710926946047106,0.7351898840382747,0.667290213822508,2.670858521014452e-07,5.4032964928729665e-08,3.373393840393952e-08,-6.604414592178497e-08,0.007545401807874441,0.016099708154797554,0.028419271111488342,0.057186368852853775,60.67719650268555,10.371677399998589,104.63720703125
47,3024,-0.5623601447968256,-0.53024708373206,0.03573462603584168,1.0928716637470104,63,189,0.5790048837661743,0.5790048837661743,0.5,0.7640120983123779,0.4479924738407135,1.0,1.0,3.725290298461914e-08,-1.4901161193847656e-08,0.690721533878657,0.3995913099559353,0.1874669346085893,0.21054310456273057,0.7159429702207998,0.640334564007969,1.5558907762169838e-07,4.229201087599388e-08,3.889317255061325e-08,-5.499295911237052e-08,0.007579720579087734,0.017828747630119324,0.02981436997652054,0.05909048020839691,56.75771713256836,10.319342700000561,104.63720703125
48,3087,-0.5619399812486436,-0.526283506205473,0.035892702373010774,1.1004151657775596,63,189,0.5815671682357788,0.5815672278404236,0.5,0.7785369753837585,0.45226824283599854,1.0,1.0000001192092896,-5.21540641784668e-08,-1.043081283569336e-07,0.6847998416819944,0.3618312870874617,0.15591740514298422,0.17123672215610947,0.728302765070056,0.6021680281666355,2.0037987269461155e-07,1.546288675574603e-08,3.946874309408868e-08,-6.081246954573754e-08,0.0060368794947862625,0.013106049969792366,0.03208355978131294,0.05752285569906235,59.34672546386719,10.372002600000997,104.63720703125
49,3150,-0.5625983523944068,-0.5255488221922879,0.03532713494958386,1.0973660488608021,63,189,0.5560938119888306,0.5560937523841858,0.5,0.7756215333938599,0.5512463450431824,1.0,1.0,0.0,0.0,0.7338987459892725,0.3356188677963636,0.15049540349018847,0.16873093916939202,0.7697904535028037,0.6492353661075354,2.0778679754585028e-07,3.979245874474735e-08,4.753634996745859e-08,-7.209088538112598e-08,0.004926481284201145,0.01478886604309082,0.028138646855950356,0.050706278532743454,60.257591247558594,10.362622799999372,104.63720703125
50,3213,-0.5625044854860457,-0.5226928926018811,0.035727461681716026,1.1022259961991083,63,189,0.5714432001113892,0.5714432001113892,0.5,0.8106310367584229,0.5248582363128662,1.0,1.0,3.725290298461914e-08,-4.470348358154297e-08,0.7198415904090252,0.3616146327253623,0.17410151404542637,0.1746066058076808,0.7769755561757654,0.627694363671592,1.5427940525114536e-07,4.273749273486088e-08,4.485843546238652e-08,-5.5578347062356995e-08,0.0059083858504891396,0.017356645315885544,0.03408406674861908,0.052372779697179794,59.48900604248047,10.435359300001437,104.63720703125
51,3276,-0.5629942483372159,-0.5308056927862621,0.035558753395600926,1.097509243185558,63,189,0.5551247000694275,0.5551247000694275,0.5,0.7951116561889648,0.5746127963066101,1.0,1.0,5.21540641784668e-08,4.470348358154297e-08,0.7098177658276382,0.376878147724525,0.17567136574816625,0.188379094599614,0.7554924854589826,0.6453680863927906,1.2747477740049362e-07,3.584374988485628e-08,4.6566128730773926e-08,-6.416504349682257e-08,0.0054239691235125065,0.023167554289102554,0.030263852328062057,0.05650785565376282,59.1875,10.467349199996534,104.63720703125
52,3339,-0.5636873018173945,-0.5351260282375194,0.03634675305395845,1.0890237260117102,63,189,0.5521676540374756,0.5521676540374756,0.5,0.767439603805542,0.5587690472602844,1.0,1.0,0.0,-1.4901161193847656e-08,0.7254164245985881,0.3305347997020438,0.1515798162595729,0.1731799487649903,0.7280876001549288,0.6461094711363594,1.4086253941059113e-07,5.038410148122674e-08,5.407291325809638e-08,-8.512331144482235e-08,0.005597516894340515,0.008847136981785297,0.031237037852406502,0.05585596337914467,60.5802001953125,10.320657899999787,104.63720703125
53,3402,-0.5629472940687149,-0.5149601641155425,0.03581096311765058,1.1058795316509469,63,189,0.5688846707344055,0.5688847303390503,0.5,0.7979840040206909,0.5224453210830688,1.0,1.0000001192092896,-2.9802322387695312e-08,-1.043081283569336e-07,0.7332150717392012,0.33890350559786336,0.14332696039386017,0.1620750176828507,0.7805891405534116,0.6610277830689134,2.4914788809837773e-07,3.9158451259346805e-08,3.6209314657753566e-08,-5.363819134664519e-08,0.006347648799419403,0.019860345870256424,0.030305732041597366,0.05465605854988098,61.393375396728516,10.299987000002147,104.63720703125
54,3465,-0.5632515521276564,-0.5370011190888743,0.035650381818413734,1.0897927776215568,63,189,0.5734889507293701,0.5734889507293701,0.5,0.7843666076660156,0.4904109239578247,1.0,1.0,7.450580596923828e-09,-5.21540641784668e-08,0.7161293893589868,0.40935678666766817,0.21062579986999394,0.23379108043094085,0.7522175421405873,0.6607140759544261,1.1068186722695827e-07,2.325495849185566e-08,3.725290298461914e-08,-6.078000093505046e-08,0.008039599284529686,0.024745069444179535,0.02846617065370083,0.05543576180934906,58.55839538574219,10.3205753000002,104.63720703125
55,3528,-0.5630744099617004,-0.5147164380424237,0.03517023172406923,1.1108607362817835,63,189,0.5833218097686768,0.5833218097686768,0.5,0.7813515663146973,0.44806432723999023,1.0,1.0,-4.470348358154297e-08,-2.2351741790771484e-08,0.7166968512903146,0.35957912943884496,0.1625783304588052,0.18797458920913612,0.7264234018367546,0.6513770179238072,1.6582634998485446e-07,3.10866319300912e-08,4.505137586015397e-08,-5.406699205901943e-08,0.0051667834632098675,0.016611464321613312,0.029975375160574913,0.05806659162044525,60.04726028442383,10.452283200000238,104.63720703125
56,3591,-0.5630120209285191,-0.5176613037548368,0.03463911900799426,1.1014275317469602,63,189,0.5743753910064697,0.5743754506111145,0.5,0.7735519409179688,0.476050466299057,1.000000238418579,1.0000001192092896,-1.341104507446289e-07,-1.4901161193847656e-07,0.7179531871631788,0.34192714337083746,0.14757974451191333,0.1566188718181642,0.7476074112524338,0.6354866925568627,2.4702785594854504e-07,4.5314366894227964e-08,3.76696668866215e-08,-6.652054985930502e-08,0.006137672811746597,0.012433075346052647,0.0366550013422966,0.0520712286233902,60.09349060058594,10.397095000000263,104.63720703125
57,3654,-0.56129751318977,-0.5403517989254503,0.03528326386142345,1.0818773381924502,63,189,0.5592336654663086,0.5592336654663086,0.5,0.7734439373016357,0.5365091562271118,1.0,1.0,5.21540641784668e-08,7.450580596923828e-09,0.7159583851871384,0.39449819278484954,0.2012264714273237,0.23067230164093414,0.7670926682009599,0.6345111910276435,1.6990816220641136e-07,4.1038710898305686e-08,3.7438704152110554e-08,-5.525543515353643e-08,0.004404173698276281,0.02249855548143387,0.03551094979047775,0.050505343824625015,59.26335525512695,10.496704100001807,104.63720703125
58,3717,-0.560442188429454,-0.5403379693863883,0.0346950197976733,1.0896827796148876,63,189,0.5826681852340698,0.5826681852340698,0.5,0.7993794083595276,0.46870672702789307,1.0,1.0,-2.9802322387695312e-08,-2.2351741790771484e-08,0.7186832078723094,0.3457634519162829,0.14885744719776342,0.15501623311344737,0.7348243414674375,0.6197824679825374,1.5381374396383762e-07,3.450581851499601e-08,5.1753386815822884e-08,-5.967559819636316e-08,0.004475507885217667,0.012365756556391716,0.033189550042152405,0.05851566791534424,60.45309066772461,10.613694299998315,104.63720703125
59,3780,-0.5622608548118955,-0.5337362685216167,0.03507174885580464,1.0830754379116039,63,189,0.5471283793449402,0.5471283197402954,0.5,0.7701584100723267,0.5816449522972107,0.9999999403953552,0.9999999403953552,6.705522537231445e-08,2.2351741790771484e-08,0.7194146297449165,0.3557807467448001,0.16030097824479922,0.18155815392016567,0.6779122261646854,0.6777399344845311,1.8011451174970716e-07,3.751953505477454e-08,4.53201124839352e-08,-5.4431759587749114e-08,0.005303993821144104,0.016463834792375565,0.03250396251678467,0.06816142052412033,60.20505905151367,10.410784399999102,104.63720703125
60,3843,-0.5619379679361979,-0.5297996352904688,0.03550038445327017,1.0934655272140705,63,189,0.5534113645553589,0.5534114241600037,0.5,0.7576823234558105,0.5440367460250854,1.0000001192092896,1.0000001192092896,-1.043081283569336e-07,-1.1920928955078125e-07,0.7359231274215833,0.3484042236290583,0.15497498075006633,0.17602028296656932,0.6977414747547279,0.6723125142625199,1.8263381207361817e-07,2.9562415333403425e-08,4.53201124839352e-08,-6.20899979134176e-08,0.006132203619927168,0.01181662268936634,0.03145437687635422,0.06175810843706131,60.21562576293945,10.411043500000233,104.63720703125
61,3906,-0.5617986349832444,-0.5333484497965959,0.03546317879642759,1.086953312947006,63,189,0.5681911110877991,0.5681911110877991,0.5,0.7988039255142212,0.5260394215583801,1.0,1.0,-2.2351741790771484e-08,-4.470348358154297e-08,0.6940619621515274,0.40887123904140926,0.20994376155174063,0.23935659490201552,0.8029978436017902,0.613959535062067,2.6190355129074305e-07,3.022669526307753e-08,3.7990655851310376e-08,-5.8766123523985124e-08,0.005441032815724611,0.027216775342822075,0.03696959465742111,0.047710008919239044,60.73853302001953,10.551810699998896,104.63720703125
62,3969,-0.5630759483291989,-0.5363083814502393,0.03605161707789179,1.0838378708829324,63,189,0.5560779571533203,0.5560779571533203,0.5,0.7671459913253784,0.5428342819213867,1.0,1.0,-5.960464477539063e-08,0.0,0.700287854265051,0.3687571304586093,0.17604428668977154,0.1979373864843291,0.7265109629647236,0.643894520099622,1.204607542604208e-07,3.784578763918467e-08,3.7438704152110554e-08,-6.152632369009561e-08,0.005319050047546625,0.011490492150187492,0.027393462136387825,0.049569692462682724,59.86668395996094,10.846451199999137,104.63720703125
63,4032,-0.5627205305629306,-0.52104811898615,0.03494553507438728,1.0970911506622556,63,189,0.5617756843566895,0.5617756843566895,0.5,0.767285168170929,0.5201824903488159,1.0,1.0,-1.4901161193847656e-08,-6.705522537231445e-08,0.7224029644983114,0.35986348329531354,0.16147602204138795,0.17767552444492307,0.7158903026747447,0.6464468424066521,2.2799940779805183e-07,3.6093028419302564e-08,4.474227186092851e-08,-5.464207612567466e-08,0.007050100713968277,0.018715262413024902,0.0337025448679924,0.06255301088094711,60.147613525390625,10.556102599999576,104.63720703125
64,4095,-0.5622423499349564,-0.5053697184280113,0.035544220860751846,1.1036795261044983,63,189,0.5557764768600464,0.5557764172554016,0.5,0.772496223449707,0.549390435218811,0.9999999403953552,1.0,5.960464477539063e-08,7.450580596923828e-09,0.7324946357477258,0.3707276835786093,0.17936799997901817,0.2100185961130411,0.8135065052843155,0.6639560946458396,1.32487912196666e-07,2.4384057220432076e-08,4.344397704933063e-08,-6.638008673256064e-08,0.005761935841292143,0.03254568949341774,0.03037176840007305,0.04671788588166237,60.452457427978516,10.29153480000241,104.63720703125
65,4158,-0.5629197765910436,-0.5345155929446851,0.035748207261638035,1.0814566833001595,63,189,0.5731780529022217,0.5731780529022217,0.5,0.7960243225097656,0.5033119916915894,1.0,1.0,2.2351741790771484e-08,7.450580596923828e-09,0.7049824406009276,0.35787058228370355,0.1621651468836426,0.17735403865753338,0.695349033218017,0.6694602846650233,1.6504782252013683e-07,1.8413994955571167e-08,3.7438704152110554e-08,-5.9203398946572076e-08,0.006488659884780645,0.015078851953148842,0.026623252779245377,0.06294041872024536,58.51005554199219,10.647889299998496,104.63720703125
66,4221,-0.561480374563308,-0.5321106119130654,0.03437415055102772,1.0764235103571858,63,189,0.5802947282791138,0.580294668674469,0.5,0.7679874897003174,0.4468085765838623,0.9999998807907104,0.9999999403953552,9.685754776000977e-08,4.470348358154297e-08,0.6962961619864689,0.38997350792757357,0.17808100713241873,0.20747889461924449,0.7596901906136178,0.6177053323010844,1.4281977200880647e-07,4.7464339016870666e-08,3.122362236350814e-08,-5.7848375882155215e-08,0.007601320743560791,0.01679275743663311,0.03809235617518425,0.05050808936357498,59.287498474121094,10.397956499997235,104.63720703125
67,4284,-0.5612117118305631,-0.5189396038887992,0.036048641871838344,1.0964626906410095,63,189,0.5626603960990906,0.5626603960990906,0.5,0.7686102390289307,0.5179686546325684,0.9999998807907104,1.0,6.705522537231445e-08,2.2351741790771484e-08,0.7126038362704334,0.33990413814592696,0.14652658709847727,0.16747889770731952,0.7267180760829763,0.6199103555614713,1.3993803804623894e-07,2.325272995592348e-08,3.746258803358173e-08,-5.258085744986791e-08,0.004652018193155527,0.015248371288180351,0.031967297196388245,0.05870186537504196,60.45150375366211,10.504817199998797,104.63720703125
68,4347,-0.5615196076650468,-0.533642503950331,0.03565724350748554,1.0753784826192907,63,189,0.5744019746780396,0.5744019746780396,0.5,0.8216479420661926,0.5240400433540344,1.0,1.0,7.450580596923828e-09,7.450580596923828e-09,0.7307207366846501,0.35831900244145715,0.15918602530794673,0.1734625621303701,0.7737045592802194,0.6591107936635472,1.7850197764346376e-07,5.229623354328916e-08,5.603435991887496e-08,-5.829770858039273e-08,0.005001163110136986,0.023413319140672684,0.029219074174761772,0.05398174002766609,60.32178497314453,10.323460800002067,104.63720703125
69,4410,-0.5617971126995389,-0.5412387630296132,0.03502951488490143,1.0743022491692236,63,189,0.550713837146759,0.550713837146759,0.5,0.7845292687416077,0.5816739797592163,1.0,1.0,4.470348358154297e-08,-7.450580596923828e-08,0.7266480279522053,0.3423143657521325,0.15704732238209912,0.1766961270847064,0.7497217340032247,0.6820910267348621,1.8256469047628343e-07,6.224212324712486e-08,3.7990655851310376e-08,-5.3645539018114115e-08,0.00507799768820405,0.012372566387057304,0.030851328745484352,0.050538402050733566,60.77095413208008,10.664381699996738,104.63720703125
70,4473,-0.5610971696793087,-0.5368078639582982,0.03476519811721075,1.07432516605135,63,189,0.5625120997428894,0.5625120997428894,0.5,0.7808895111083984,0.5308411121368408,1.0,1.0,-5.960464477539063e-08,-5.960464477539063e-08,0.7127845671526056,0.35704085005281117,0.1641474618237144,0.18682631085904078,0.7591965817511771,0.6214360623511327,2.4810924514895305e-07,4.022174478895968e-08,4.470348358154297e-08,-6.808462219344469e-08,0.006581237073987722,0.0198209285736084,0.029561005532741547,0.053061503916978836,59.541622161865234,10.26764589999948,104.63720703125
71,4536,-0.5623943039349147,-0.5436768331540325,0.03571682955537524,1.072834618823238,63,189,0.5594285130500793,0.5594285726547241,0.5,0.7951340675354004,0.557420015335083,1.0,1.0000001192092896,-8.940696716308594e-08,-1.341104507446289e-07,0.7117294220121434,0.3712518919184767,0.17565951783361863,0.20018693833425466,0.7862672922191614,0.6331496475467835,2.086162567138672e-07,5.992672809373989e-08,4.8976588118421205e-08,-5.9549984458697334e-08,0.006115790456533432,0.021436462178826332,0.03379783406853676,0.05218913406133652,60.14445877075195,10.326004099999409,104.63720703125
72,4599,-0.561239102530101,-0.5309495580574822,0.0347945573074477,1.0786155414959742,63,189,0.5711914896965027,0.5711915493011475,0.5,0.8122912645339966,0.5275253057479858,1.0,1.0,-7.450580596923828e-08,-8.195638656616211e-08,0.722953324774499,0.348888452957124,0.15028872640827334,0.16865864150872506,0.7793623216588823,0.6310689292129043,2.0585139282047749e-07,4.21604391467878e-08,3.671468462584926e-08,-6.202560860028802e-08,0.007827285677194595,0.01899474486708641,0.036260075867176056,0.051357101649045944,59.28746795654297,10.348711699996784,104.63720703125
73,4662,-0.5616487302477398,-0.5614882740709517,0.03493797332639732,1.0576996052706684,63,189,0.566317617893219,0.566317617893219,0.5,0.819481611251831,0.5542110800743103,1.0,1.0,0.0,-3.725290298461914e-08,0.7117433163544995,0.35913607234148204,0.1718318128667107,0.18652539035447574,0.7291380303959147,0.6391574503128629,1.3320823200047016e-07,3.414094773210308e-08,4.53201124839352e-08,-6.246504688703763e-08,0.006214445922523737,0.01882917247712612,0.032560382038354874,0.057492293417453766,59.10111618041992,10.361627799997223,104.63720703125
74,4725,-0.5619471167761182,-0.5582943057257032,0.034961895869364816,1.0556205012810924,63,189,0.566272497177124,0.5662724375724792,0.5,0.8142606616020203,0.549170732498169,0.9999998807907104,1.0,8.940696716308594e-08,1.4901161193847656e-08,0.7285947451400087,0.3406189388716379,0.15002878100324246,0.16057408909482507,0.7589063342854425,0.6630637051660931,9.002542356029153e-08,2.314334496939484e-08,4.470348358154297e-08,-5.7137886565635654e-08,0.007199727464467287,0.012171395123004913,0.02897593192756176,0.05522670969367027,59.041290283203125,10.307493599997542,104.63720703125
75,4788,-0.5610958744609167,-0.5370086146094811,0.035162590976272314,1.0724127494468891,63,189,0.5613163709640503,0.5613164305686951,0.5,0.7827686667442322,0.5375031232833862,1.0,1.0,-5.960464477539063e-08,-5.960464477539063e-08,0.7058625377567255,0.3697377450162797,0.17174900799470244,0.18712214128526747,0.7452096902323706,0.6141629605190779,1.6553713066969067e-07,3.591278155412603e-08,4.485843546238652e-08,-7.317049674590861e-08,0.006117026321589947,0.010078268125653267,0.03627660870552063,0.056468669325113297,59.570735931396484,10.350656100003107,104.63720703125
76,4851,-0.5613005255895948,-0.5433930850848949,0.034813180211044494,1.0684278118547308,63,189,0.5577981472015381,0.5577982068061829,0.5,0.7846545577049255,0.5534619092941284,1.0,1.0,-7.450580596923828e-08,-1.043081283569336e-07,0.7072819204615599,0.3616962700841143,0.16084312135427217,0.18397767111589813,0.7338958359606519,0.6234334283767377,1.5283876564353704e-07,3.040177691190915e-08,2.986047331594191e-08,-6.834760734507805e-08,0.00821094959974289,0.017216937616467476,0.03240981698036194,0.05492576211690903,60.47540283203125,10.637919799999509,104.63720703125
77,4914,-0.5620267930484953,-0.5221175489917634,0.03489321254430309,1.0743619377020175,63,189,0.5696277618408203,0.5696277618408203,0.5,0.7805553078651428,0.5020442008972168,1.0,1.0,-6.705522537231445e-08,-2.9802322387695312e-08,0.7139445231251895,0.3826345866915553,0.19128194558431888,0.2139215116386074,0.7538997431675124,0.6515584876938488,1.572916517034173e-07,4.134093996017822e-08,3.514431838712321e-08,-6.819150878091998e-08,0.00830615870654583,0.026219839230179787,0.028963487595319748,0.05802140757441521,59.942264556884766,10.534192100003565,104.63720703125
78,4977,-0.5614594363030934,-0.5298108568897953,0.03504034090373251,1.0698767865776384,63,189,0.5464390516281128,0.5464390516281128,0.5,0.7844737768173218,0.5987175107002258,0.9999999403953552,1.0,5.960464477539063e-08,4.470348358154297e-08,0.7442983141350152,0.3298398823121762,0.1512542921870021,0.16490294608353517,0.754452083542064,0.6676948983821893,1.372682163491845e-07,5.422978921823529e-08,4.344397704933063e-08,-6.39277374158438e-08,0.00688778143376112,0.01713051088154316,0.02999873086810112,0.05763440951704979,60.71554183959961,10.48958909999783,104.63720703125
79,5040,-0.561577800720457,-0.5429604203297348,0.03522533695730898,1.0630975302565036,63,189,0.5577681064605713,0.5577680468559265,0.5,0.7720545530319214,0.5409822463989258,1.0,1.0,7.450580596923828e-09,5.960464477539063e-08,0.7236915153643407,0.3528390298837806,0.15802162991796345,0.17895385974959988,0.7435380465574322,0.6797046900635038,1.4410761650651693e-07,2.8639173001859808e-08,4.4945361137441004e-08,-5.130178207625112e-08,0.00638936273753643,0.017928944900631905,0.028509430587291718,0.06075393781065941,59.08531188964844,10.389025799999217,104.63720703125
80,5103,-0.5616065083988129,-0.5242288726032096,0.03477532082488612,1.0745415649716816,63,189,0.5518494248390198,0.5518494844436646,0.5,0.7871742248535156,0.5797765851020813,1.0,1.000000238418579,-7.450580596923828e-08,-1.7881393432617188e-07,0.7218213059873587,0.3512765563741685,0.15476774938643384,0.17675806061305688,0.7249535412215367,0.6730442242082038,2.2730091586709023e-07,6.088130257569935e-08,4.012260442327338e-08,-6.437456024002363e-08,0.006102637387812138,0.017969314008951187,0.029698342084884644,0.06198884919285774,60.30418395996094,10.675110899999709,104.63720703125
81,5166,-0.5624606656649757,-0.5149427601900051,0.034752234106972105,1.0772524066072293,63,189,0.5577983856201172,0.5577983856201172,0.5,0.7540043592453003,0.5228109359741211,1.0,1.0000001192092896,-8.940696716308594e-08,-9.685754776000977e-08,0.7554856616771009,0.3230355040489399,0.14366286461798325,0.16121180191683873,0.7309364445546594,0.6684248648099799,1.9220169633626938e-07,2.394713312890706e-08,4.344397704933063e-08,-6.412842103474743e-08,0.005076079163700342,0.013521254993975163,0.032039083540439606,0.058525219559669495,60.48152160644531,10.497778400000243,104.63720703125
82,5229,-0.5622513104998876,-0.49709773852080896,0.03556263198455175,1.0880581547343542,63,189,0.5702027082443237,0.5702027082443237,0.5,0.7462395429611206,0.46542873978614807,1.0,0.9999999403953552,2.9802322387695312e-08,5.21540641784668e-08,0.7064212156036093,0.3757510549431133,0.1718064236644319,0.1977132019876092,0.7107628024937845,0.6706038497611615,9.487848728895187e-08,3.2364155092001745e-08,3.7438704152110554e-08,-5.8016506759099774e-08,0.006221324671059847,0.019299503415822983,0.02852201648056507,0.059929896146059036,59.0341682434082,10.471322199999122,104.63720703125
83,5292,-0.5614584712755113,-0.5007620786548291,0.03449211988065924,1.0897861968272577,63,189,0.5614264011383057,0.5614264607429504,0.5,0.7576227784156799,0.5119172930717468,1.000000238418579,1.000000238418579,-1.6391277313232422e-07,-1.7881393432617188e-07,0.7209516872209417,0.37996479489095164,0.18322077568047643,0.19379457682194,0.7978060965094279,0.6271611613065388,3.388086042832583e-07,4.1361615632506954e-08,3.7299440045842505e-08,-6.055918590459865e-08,0.007850038819015026,0.02244618348777294,0.03725902736186981,0.05126084014773369,59.47465515136719,10.606732799999008,104.63720703125
84,5355,-0.5613509567957076,-0.5093823863715722,0.034492741412823165,1.0847889017806482,63,189,0.5660937428474426,0.5660938024520874,0.5,0.7812323570251465,0.516857385635376,1.0,1.0000001192092896,-8.940696716308594e-08,-1.1920928955078125e-07,0.7174005772959695,0.39863366624870444,0.19416864612585366,0.2167837162155637,0.7967867225964556,0.6560089267254117,2.0043808035552502e-07,2.5656167893309267e-08,4.470348358154297e-08,-5.70854882940861e-08,0.006567439530044794,0.020061731338500977,0.0327422060072422,0.045579735189676285,59.18075942993164,10.505753400000685,104.63720703125
85,5418,-0.5624050024955992,-0.5112748925017301,0.034667102856531976,1.0792749322280681,63,189,0.5636299848556519,0.5636299848556519,0.5,0.7650647759437561,0.5105448961257935,1.0,1.0,0.0,-7.450580596923828e-09,0.7093448115002343,0.39444258105272567,0.20210804579628439,0.23752985168668694,0.7874468399298244,0.6583954240843592,1.0663825378287584e-07,1.6577371274306696e-08,4.505137586015397e-08,-6.01107567135195e-08,0.004216471221297979,0.016186628490686417,0.030801475048065186,0.0443597286939621,59.68389129638672,10.715141299999232,104.63720703125
86,5481,-0.5604318919635954,-0.5302437778818544,0.03386922491093477,1.0672177848992523,63,189,0.5525669455528259,0.5525670051574707,0.5,0.7354904413223267,0.525222659111023,1.0000001192092896,1.0000001192092896,-1.1920928955078125e-07,-1.341104507446289e-07,0.6982509145202928,0.41874411204567197,0.22864250384874987,0.25934416715239117,0.7474003882054712,0.6443422815364571,1.9049912225455046e-07,3.458836362463247e-08,3.5341206865404316e-08,-6.208815191022389e-08,0.006155813578516245,0.01904289238154888,0.03611595556139946,0.05035239830613136,59.0915641784668,10.525638299997809,104.63720703125
87,5544,-0.5612458804297069,-0.5215264174042555,0.03460370639841708,1.0693670533321522,63,189,0.5488254427909851,0.5488255023956299,0.5,0.7328773140907288,0.5375756025314331,1.000000238418579,1.000000238418579,-1.7881393432617188e-07,-1.9371509552001953e-07,0.7247864710928422,0.34111564964879837,0.1542550078930391,0.17747712246421335,0.7088479296221478,0.6741024959395154,2.881170075852424e-07,3.397678835850848e-08,3.7438704152110554e-08,-6.08603270329837e-08,0.005867986939847469,0.01851564273238182,0.027627306059002876,0.06230423226952553,60.02767562866211,10.701933399999689,104.63720703125
88,5607,-0.561004774911063,-0.5023056413761522,0.03445572406053543,1.088941289003564,63,189,0.5688198804855347,0.5688199400901794,0.5,0.7779600620269775,0.5026804208755493,1.0,1.0,-4.470348358154297e-08,-5.21540641784668e-08,0.6937813047927911,0.3538428988831189,0.15471947251362303,0.17471299947657454,0.7275490421777986,0.6055686309901348,1.5660771168768406e-07,3.4850872354663665e-08,3.889317255061325e-08,-6.778297056190767e-08,0.006008447147905827,0.02021700330078602,0.029180267825722694,0.0646246001124382,59.72218322753906,10.519750999999815,104.63720703125
89,5670,-0.5607919806525821,-0.5244469339885409,0.034714666476088854,1.0611292997365276,63,189,0.5653165578842163,0.5653165578842163,0.5,0.7878761291503906,0.5266099572181702,1.0,1.0,-1.4901161193847656e-08,-5.960464477539063e-08,0.733239848635282,0.32172109121663517,0.13823184088025559,0.1526762715183,0.7316130206148257,0.6607569770393766,1.9866274669766426e-07,3.4767677670449054e-08,4.0978193283081055e-08,-5.350970599721198e-08,0.005820928607136011,0.008302117697894573,0.02862299233675003,0.05519320070743561,60.95564651489258,10.680102199999965,104.63720703125
90,5733,-0.5610518436583262,-0.5179176830425465,0.03535236799645992,1.0607547091428564,63,189,0.5629732012748718,0.5629732608795166,0.5,0.7512714862823486,0.49937862157821655,1.0,1.0,-5.960464477539063e-08,-8.940696716308594e-08,0.7348586363993656,0.3351990813649218,0.14972169511095318,0.17419962878494188,0.7395962615838962,0.6525507510356819,1.850421540439129e-07,5.16455354523937e-08,3.1828894262453654e-08,-5.812683765733825e-08,0.006493838969618082,0.014423184096813202,0.030583104118704796,0.05454384535551071,60.03316879272461,10.655023399998754,104.63720703125
91,5796,-0.5603778806943742,-0.5181108943369023,0.03443063585649407,1.0634079156098541,63,189,0.5543933510780334,0.5543934106826782,0.5,0.7413771748542786,0.5238037109375,1.0,1.0,-7.450580596923828e-08,-5.960464477539063e-08,0.7369743700654948,0.36813813128258077,0.19160227358347665,0.21259889998808554,0.7851843754279721,0.6907778736929263,2.0262086763978004e-07,3.6576135277639754e-08,4.485843546238652e-08,-6.30918773629209e-08,0.00647003436461091,0.009982132352888584,0.0340886265039444,0.04533183574676514,59.545372009277344,10.441402299999027,104.63720703125
92,5859,-0.5593885410399664,-0.4875644953162582,0.03429363670921515,1.0828497381437392,63,189,0.5622658133506775,0.5622658729553223,0.5,0.700294554233551,0.4512312412261963,1.0,1.0000001192092896,-5.960464477539063e-08,-1.1175870895385742e-07,0.7274588913405866,0.3746395427849065,0.18065639863541977,0.21241066899238092,0.7379979799226595,0.6510025595188802,2.5592089514248073e-07,5.14003933860252e-08,4.002432518745991e-08,-6.428091950693711e-08,0.005236510653048754,0.01273371186107397,0.028367336839437485,0.04651835560798645,59.69684600830078,10.314263399999618,104.63720703125
93,5922,-0.5585892815438528,-0.4986200137113137,0.03469854631712512,1.0663299106416249,63,189,0.5507668852806091,0.5507669448852539,0.5,0.7257298231124878,0.522662341594696,1.0,1.000000238418579,-8.940696716308594e-08,-1.9371509552001953e-07,0.7230433305091009,0.3535769858958325,0.16152095347559914,0.18444930405999854,0.7207153766036014,0.6527221073818488,2.4383189156651497e-07,5.049356039820048e-08,3.25296990509573e-08,-6.058876305146983e-08,0.006607013754546642,0.01808248646557331,0.030700337141752243,0.05897121876478195,60.283023834228516,10.658222699999897,104.63720703125
94,5985,-0.5578477306971474,-0.5040324196298286,0.034380502555341946,1.075400657439358,63,189,0.5517607927322388,0.5517609119415283,0.5,0.7703524827957153,0.5633091926574707,1.0000001192092896,1.000000238418579,-1.1920928955078125e-07,-2.2351741790771484e-07,0.7349517416768939,0.33375430707706427,0.1561327455658039,0.16926952783815663,0.7590084820096598,0.6671520676090736,2.9037619242444634e-07,6.152503444212254e-08,3.739523983171927e-08,-6.257022702508488e-08,0.006947881076484919,0.015199643559753895,0.032411813735961914,0.05150943621993065,61.430625915527344,10.945529700002226,104.63720703125
95,6048,-0.5596986668450492,-0.5147292301768348,0.03413719219702577,1.0680967345439567,63,189,0.5552546381950378,0.5552546381950378,0.5,0.7404923439025879,0.5194737911224365,1.0,1.0,-5.960464477539063e-08,-1.043081283569336e-07,0.7237163839656047,0.36188641640792485,0.1750090886340825,0.20264268400717866,0.7381310849937851,0.6636853031951525,2.048327587544918e-07,3.8896115532420505e-08,4.712160915387242e-08,-6.152484211236736e-08,0.006127423141151667,0.015254423953592777,0.03031570091843605,0.05412505567073822,59.9080924987793,10.541759200001252,104.63720703125
96,6111,-0.558605432510376,-0.5005055301719241,0.03359862408112912,1.0754379973840462,63,189,0.5611264705657959,0.5611264705657959,0.5,0.7453870177268982,0.5008812546730042,1.0,1.000000238418579,-4.470348358154297e-08,-1.4901161193847656e-07,0.7448239271978263,0.3519188137815445,0.17300364454193384,0.19191943955645804,0.766290641857662,0.6678595752106438,2.345386747037992e-07,3.115456991692467e-08,4.485843546238652e-08,-5.994783283903796e-08,0.006650079973042011,0.013512336649000645,0.031740132719278336,0.05193603038787842,60.124961853027344,10.54114870000194,104.63720703125
97,6174,-0.5595796827286009,-0.49778110309252666,0.033746570614831786,1.0686273514909088,63,189,0.5605980157852173,0.5605980157852173,0.5,0.7313670516014099,0.488974928855896,1.0,1.0,-1.043081283569336e-07,-2.9802322387695312e-08,0.6911200186912496,0.3544631253555284,0.15143428640656173,0.17304774889134064,0.7027675895292091,0.6389938724813041,1.3611861504614353e-07,4.251621507633807e-08,4.9175243014261444e-08,-5.466699447301786e-08,0.006713980343192816,0.013402042910456657,0.02742333710193634,0.06409306824207306,60.351192474365234,10.40422199999739,104.63720703125
98,6237,-0.5577532289520143,-0.5078575907560884,0.03468444573855589,1.059630985297854,63,189,0.5502959489822388,0.5502959489822388,0.5,0.7356714606285095,0.5344877243041992,1.0,1.0,1.4901161193847656e-08,2.9802322387695312e-08,0.7078126927949784,0.3657915723482099,0.18151286333831923,0.20193427937208147,0.710758925760079,0.6508497439015193,1.58033799380064e-07,2.0510071412072062e-08,4.470408990723227e-08,-7.970729856843111e-08,0.007450066041201353,0.0146312415599823,0.03507483750581741,0.05976375564932823,59.66394805908203,10.556594100002258,104.63720703125
99,6300,-0.5587546106368776,-0.5008243789117803,0.03407543735016906,1.0661203754011286,63,189,0.5549924969673157,0.5549924969673157,0.5,0.7469351887702942,0.5269652605056763,0.9999999403953552,0.9999999403953552,6.705522537231445e-08,2.2351741790771484e-08,0.7266339661452905,0.3501273096342518,0.159213830514221,0.18131319973084736,0.7220477473920567,0.6781740996282348,1.290172804147005e-07,4.49877547506472e-08,3.479708301326149e-08,-6.419571853532579e-08,0.008105033077299595,0.012980538420379162,0.03243481367826462,0.056914567947387695,60.44648742675781,10.641098199997941,104.63720703125
