seed,model,seconds,generator_parameters,discriminator_parameters,best_validation_epoch,final_train_mean_fidelity,final_train_min_fidelity,final_train_mean_trace_distance,final_train_max_trace_distance,final_train_purity_mae,final_train_bell_population_mae,final_train_negativity_mae,final_train_pauli_correlation_mae,final_train_condition_sensitivity,final_train_endpoint_trace_distance,final_train_estimated_entanglement_boundary,final_train_entanglement_boundary_error,final_train_trace_drift,final_train_hermiticity_drift,final_train_min_eigenvalue,final_interpolation_mean_fidelity,final_interpolation_min_fidelity,final_interpolation_mean_trace_distance,final_interpolation_max_trace_distance,final_interpolation_purity_mae,final_interpolation_bell_population_mae,final_interpolation_negativity_mae,final_interpolation_pauli_correlation_mae,final_interpolation_condition_sensitivity,final_interpolation_endpoint_trace_distance,final_interpolation_estimated_entanglement_boundary,final_interpolation_entanglement_boundary_error,final_interpolation_trace_drift,final_interpolation_hermiticity_drift,final_interpolation_min_eigenvalue,final_boundary_mean_fidelity,final_boundary_min_fidelity,final_boundary_mean_trace_distance,final_boundary_max_trace_distance,final_boundary_purity_mae,final_boundary_bell_population_mae,final_boundary_negativity_mae,final_boundary_pauli_correlation_mae,final_boundary_condition_sensitivity,final_boundary_endpoint_trace_distance,final_boundary_estimated_entanglement_boundary,final_boundary_entanglement_boundary_error,final_boundary_trace_drift,final_boundary_hermiticity_drift,final_boundary_min_eigenvalue,final_dense_mean_fidelity,final_dense_min_fidelity,final_dense_mean_trace_distance,final_dense_max_trace_distance,final_dense_purity_mae,final_dense_bell_population_mae,final_dense_negativity_mae,final_dense_pauli_correlation_mae,final_dense_condition_sensitivity,final_dense_endpoint_trace_distance,final_dense_estimated_entanglement_boundary,final_dense_entanglement_boundary_error,final_dense_trace_drift,final_dense_hermiticity_drift,final_dense_min_eigenvalue,best_train_mean_fidelity,best_train_min_fidelity,best_train_mean_trace_distance,best_train_max_trace_distance,best_train_purity_mae,best_train_bell_population_mae,best_train_negativity_mae,best_train_pauli_correlation_mae,best_train_condition_sensitivity,best_train_endpoint_trace_distance,best_train_estimated_entanglement_boundary,best_train_entanglement_boundary_error,best_train_trace_drift,best_train_hermiticity_drift,best_train_min_eigenvalue,best_interpolation_mean_fidelity,best_interpolation_min_fidelity,best_interpolation_mean_trace_distance,best_interpolation_max_trace_distance,best_interpolation_purity_mae,best_interpolation_bell_population_mae,best_interpolation_negativity_mae,best_interpolation_pauli_correlation_mae,best_interpolation_condition_sensitivity,best_interpolation_endpoint_trace_distance,best_interpolation_estimated_entanglement_boundary,best_interpolation_entanglement_boundary_error,best_interpolation_trace_drift,best_interpolation_hermiticity_drift,best_interpolation_min_eigenvalue,best_boundary_mean_fidelity,best_boundary_min_fidelity,best_boundary_mean_trace_distance,best_boundary_max_trace_distance,best_boundary_purity_mae,best_boundary_bell_population_mae,best_boundary_negativity_mae,best_boundary_pauli_correlation_mae,best_boundary_condition_sensitivity,best_boundary_endpoint_trace_distance,best_boundary_estimated_entanglement_boundary,best_boundary_entanglement_boundary_error,best_boundary_trace_drift,best_boundary_hermiticity_drift,best_boundary_min_eigenvalue,best_dense_mean_fidelity,best_dense_min_fidelity,best_dense_mean_trace_distance,best_dense_max_trace_distance,best_dense_purity_mae,best_dense_bell_population_mae,best_dense_negativity_mae,best_dense_pauli_correlation_mae,best_dense_condition_sensitivity,best_dense_endpoint_trace_distance,best_dense_estimated_entanglement_boundary,best_dense_entanglement_boundary_error,best_dense_trace_drift,best_dense_hermiticity_drift,best_dense_min_eigenvalue,ema_train_mean_fidelity,ema_train_min_fidelity,ema_train_mean_trace_distance,ema_train_max_trace_distance,ema_train_purity_mae,ema_train_bell_population_mae,ema_train_negativity_mae,ema_train_pauli_correlation_mae,ema_train_condition_sensitivity,ema_train_endpoint_trace_distance,ema_train_estimated_entanglement_boundary,ema_train_entanglement_boundary_error,ema_train_trace_drift,ema_train_hermiticity_drift,ema_train_min_eigenvalue,ema_interpolation_mean_fidelity,ema_interpolation_min_fidelity,ema_interpolation_mean_trace_distance,ema_interpolation_max_trace_distance,ema_interpolation_purity_mae,ema_interpolation_bell_population_mae,ema_interpolation_negativity_mae,ema_interpolation_pauli_correlation_mae,ema_interpolation_condition_sensitivity,ema_interpolation_endpoint_trace_distance,ema_interpolation_estimated_entanglement_boundary,ema_interpolation_entanglement_boundary_error,ema_interpolation_trace_drift,ema_interpolation_hermiticity_drift,ema_interpolation_min_eigenvalue,ema_boundary_mean_fidelity,ema_boundary_min_fidelity,ema_boundary_mean_trace_distance,ema_boundary_max_trace_distance,ema_boundary_purity_mae,ema_boundary_bell_population_mae,ema_boundary_negativity_mae,ema_boundary_pauli_correlation_mae,ema_boundary_condition_sensitivity,ema_boundary_endpoint_trace_distance,ema_boundary_estimated_entanglement_boundary,ema_boundary_entanglement_boundary_error,ema_boundary_trace_drift,ema_boundary_hermiticity_drift,ema_boundary_min_eigenvalue,ema_dense_mean_fidelity,ema_dense_min_fidelity,ema_dense_mean_trace_distance,ema_dense_max_trace_distance,ema_dense_purity_mae,ema_dense_bell_population_mae,ema_dense_negativity_mae,ema_dense_pauli_correlation_mae,ema_dense_condition_sensitivity,ema_dense_endpoint_trace_distance,ema_dense_estimated_entanglement_boundary,ema_dense_entanglement_boundary_error,ema_dense_trace_drift,ema_dense_hermiticity_drift,ema_dense_min_eigenvalue
0,qsnn,103.74979289993644,128,92,570,0.7833280837736993,0.6273819853301814,0.3659903990782466,0.5697141224239626,0.1682921358320707,0.15606022234221967,0.07304898558040017,0.21707899564391822,1.8598272859657363,0.8544437745881999,0.0,0.3333333333333333,4.440892098500626e-16,0.0,0.0007513296929411296,0.7783136866405596,0.6294694343160864,0.37030198702810274,0.5663847427089699,0.15988235974310244,0.16054674186472256,0.06967332896145176,0.22401913355114172,1.9164686062696141,0.8631146313371748,0.05,0.2833333333333333,2.220446049250313e-16,0.0,0.0008538508662360643,0.6425952656509752,0.6309871213120631,0.5266289656015531,0.530838496531929,0.12358422327492027,0.32369217973913383,0.0486509719822087,0.43158957298551165,2.6334380323233084,0.30199507796464753,0.28,0.05333333333333329,2.220446049250313e-16,0.0,0.009718894703013788,0.7795274509446956,0.622611081329717,0.36924360218954344,0.573845447745253,0.16273332180011615,0.15962914203842163,0.07168385573640906,0.22314891921967464,1.9245947031369672,0.8544437745881999,0.0,0.3333333333333333,4.440892098500626e-16,0.0,0.0007005346923782882,0.8495527177736499,0.7325506630842723,0.2681619686892766,0.3964546322040716,0.19857337884790552,0.086258191365503,0.08499687771105577,0.16349791563264907,1.5660749278763726,0.7122631462213598,0.0,0.3333333333333333,4.440892098500626e-16,0.0,0.00010048918105912591,0.8474392845847178,0.7436181225655928,0.2704652640534074,0.4039930502149582,0.20608661742154366,0.0904109840302006,0.08868549294826707,0.16178706117198044,1.5464283491277167,0.689734244540074,0.05,0.2833333333333333,4.440892098500626e-16,0.0,4.212166185266436e-05,0.8233090037715058,0.8070454386544831,0.3118873221511988,0.3268922863983486,0.1372286472436373,0.027132319132187253,0.06503432734876238,0.10368480141337724,2.071116426211547,0.23673073631464958,0.28,0.05333333333333329,4.440892098500626e-16,0.0,0.0060188653158603405,0.847655544723269,0.7305997368557027,0.2700127996735201,0.4042309996936305,0.20468640858915446,0.08991462851616118,0.08820353506251218,0.1616749278212608,1.6240111926749403,0.7122631462213598,0.0,0.3333333333333333,6.661338147750939e-16,0.0,2.324630591026e-05,0.8557475868440424,0.7795393211671908,0.25901859173117164,0.3785211860276148,0.20649458881704125,0.10070509934132459,0.10500938563523664,0.17792081086371542,1.5713118754436242,0.7470572745241228,0.0,0.3333333333333333,4.440892098500626e-16,0.0,4.259725517326585e-05,0.8526887104418959,0.7564484838032809,0.26033767506582456,0.38303162474873553,0.21541256048560942,0.10927926342956262,0.10913491184259341,0.17716153891133057,1.550172822019529,0.7024511713506938,0.05,0.2833333333333333,4.440892098500626e-16,0.0,0.0001609515917564741,0.8024812328414451,0.7928076201425855,0.31614065098132377,0.33481798914915406,0.1813779755762264,0.07918982262650139,0.11127940268031875,0.11104425011878834,1.6889184602016665,0.18653320672471824,0.28,0.05333333333333329,4.440892098500626e-16,0.0,0.0007645258563888145,0.8533553236408192,0.756369714117452,0.26048462718459664,0.3841014688005609,0.21400745581429323,0.10814704707566966,0.10890247815996523,0.17638651823949997,1.631840098314147,0.7470572745241228,0.0,0.3333333333333333,4.440892098500626e-16,0.0,3.059011475085082e-05
0,vqc,119.37982199992985,128,96,600,0.8322115186247068,0.6725155049734105,0.3078082022191168,0.49850329890084255,0.18477904557254757,0.09019222427118673,0.09686500832103109,0.13158966161726565,2.1669637760972185,0.541495193923721,0.0,0.3333333333333333,4.440892098500626e-16,0.0,2.806302379846309e-05,0.8386642573543541,0.6746320505987519,0.2987922379809236,0.4513754095344069,0.17913780406874646,0.07872807556166524,0.09197493780746772,0.1120840743911606,2.124164441491457,0.5249721021698049,0.05,0.2833333333333333,4.440892098500626e-16,0.0,0.0004655721743034351,0.7757868018286723,0.7169700132505675,0.38853964867260204,0.4294694002750462,0.15965677937389758,0.051427733991811775,0.08455992524864432,0.07977794256983592,2.902032553324508,0.3246354315927307,0.28,0.05333333333333329,4.440892098500626e-16,0.0,0.003989506794366759,0.8374348916633011,0.6650943394451736,0.3007970362277443,0.49850329890084255,0.18031305504413309,0.08052554909441197,0.09296561632849412,0.11585964327044314,2.29459948899514,0.541495193923721,0.0,0.3333333333333333,4.440892098500626e-16,0.0,1.6501580670846113e-05,0.8322115186247068,0.6725155049734105,0.3078082022191168,0.49850329890084255,0.18477904557254757,0.09019222427118673,0.09686500832103109,0.13158966161726565,2.1669637760972185,0.541495193923721,0.0,0.3333333333333333,4.440892098500626e-16,0.0,2.806302379846309e-05,0.8386642573543541,0.6746320505987519,0.2987922379809236,0.4513754095344069,0.17913780406874646,0.07872807556166524,0.09197493780746772,0.1120840743911606,2.124164441491457,0.5249721021698049,0.05,0.2833333333333333,4.440892098500626e-16,0.0,0.0004655721743034351,0.7757868018286723,0.7169700132505675,0.38853964867260204,0.4294694002750462,0.15965677937389758,0.051427733991811775,0.08455992524864432,0.07977794256983592,2.902032553324508,0.3246354315927307,0.28,0.05333333333333329,4.440892098500626e-16,0.0,0.003989506794366759,0.8374348916633011,0.6650943394451736,0.3007970362277443,0.49850329890084255,0.18031305504413309,0.08052554909441197,0.09296561632849412,0.11585964327044314,2.29459948899514,0.541495193923721,0.0,0.3333333333333333,4.440892098500626e-16,0.0,1.6501580670846113e-05,0.8346991194764843,0.7117778012211422,0.29243235673127826,0.4651725208127888,0.22310162130468345,0.11913459003753625,0.11472653858461217,0.1675992351090675,2.2020903418676196,0.5584508476400937,0.0,0.3333333333333333,2.220446049250313e-16,0.0,6.726795309925148e-05,0.8340147459514906,0.6976819295668616,0.2919234179913842,0.4807189924157546,0.2316346472841853,0.11723237800845539,0.11756149326079002,0.16391622657489405,2.1831518573826987,0.4668356418049453,0.05,0.2833333333333333,4.440892098500626e-16,0.0,7.42540943926266e-05,0.8085373944436915,0.7190064968847851,0.3675360605540107,0.4651725208127888,0.1983470804203679,0.015375121425604012,0.1029512620199439,0.056678093149799026,3.236430653692734,0.3665480077720064,0.28,0.05333333333333329,4.440892098500626e-16,0.0,0.008833354713164028,0.8338782196617333,0.6962015735562344,0.2928619196163742,0.484804410914983,0.23007721044376012,0.11674843925533468,0.11696125815989655,0.16461883974564112,2.338122988563415,0.5584508476400937,0.0,0.3333333333333333,6.661338147750939e-16,0.0,1.383846895627205e-05
1,qsnn,84.25816530012526,128,92,590,0.8412098947924026,0.6051078586785085,0.27855178646449436,0.463693273859109,0.17212133752774514,0.08842287548957611,0.10080629936133642,0.12105608164186933,2.1847930148905768,0.5955304670234112,0.0,0.3333333333333333,4.440892098500626e-16,0.0,0.00029929214159569854,0.8469795572026732,0.6344460260395244,0.2714093577516171,0.4539480329741297,0.1726095311048866,0.07993064529610136,0.0973945978334532,0.11228108954567921,2.1790845701117894,0.5956012593191178,0.05,0.2833333333333333,2.220446049250313e-16,0.0,0.00042588087139776006,0.8056832478856573,0.7752781803956419,0.3093545396763027,0.31434637465858206,0.09963745137117352,0.03048982423499434,0.05730045187689027,0.04951308123580648,2.25745145721049,0.20970965866444624,0.28,0.05333333333333329,2.220446049250313e-16,0.0,0.00029929214159569854,0.8452061171847216,0.6051078586785085,0.2737232495849326,0.46406932463459705,0.17223874062043967,0.08297487839780192,0.09879521674986894,0.11478976161797556,2.3829676882183377,0.5955304670234112,0.0,0.3333333333333333,8.881784197001252e-16,0.0,3.531425621685437e-05,0.8576351316173555,0.673736461305593,0.255352388971203,0.42115242691700405,0.15332386723381844,0.10593990599019648,0.08479531370832437,0.15865121974797156,2.0784829842904173,0.4830854594521557,0.0,0.3333333333333333,2.220446049250313e-16,0.0,5.8160924367903014e-05,0.867124441843884,0.6894281043532857,0.24642644651985543,0.410808900012934,0.15520751819778897,0.09581005392444222,0.08563262653126986,0.1485030992873098,2.03890567535363,0.46952046850469314,0.05,0.2833333333333333,6.661338147750939e-16,0.0,0.0002739398697161732,0.8351114271624516,0.8025680029485645,0.28647763201778564,0.29481151066175426,0.07690807018218301,0.041360900963479816,0.028691164108753633,0.13383266383714362,2.3885531449971142,0.24588385711827482,0.28,0.05333333333333329,2.220446049250313e-16,0.0,0.0013136765504748818,0.8647421173693082,0.6725132645683657,0.24889442201412573,0.4228943127473414,0.15466698039312796,0.09896382625302681,0.08606376668725207,0.15140960052187175,2.2375317997426243,0.4830854594521557,0.0,0.3333333333333333,6.661338147750939e-16,0.0,5.8160924367903014e-05,0.8504196574580671,0.7165080820730676,0.2779225479494332,0.44174418171844737,0.12354594224981869,0.09873032663457798,0.04498104358659587,0.1617593470099988,2.1177764814196296,0.8621546014393583,0.0,0.3333333333333333,2.220446049250313e-16,0.0,0.0005017071341978156,0.8541182998779604,0.7277924647469699,0.2735404402403334,0.4308364520283434,0.12172737595083775,0.1021522218218455,0.04523116463354761,0.16713083180920002,2.011577796491405,0.8188346317903167,0.05,0.2833333333333333,2.220446049250313e-16,0.0,9.686288293304328e-05,0.7905743903980491,0.7662628550722422,0.39777866906741727,0.4189227965606088,0.07413340821897885,0.18385751637077802,0.011816226240477639,0.30738773465505986,2.3596202646245334,0.2623195085161756,0.4,0.06666666666666671,4.440892098500626e-16,0.0,0.01559440338099855,0.8529680632111856,0.7165080820730676,0.2749748514488818,0.44174418171844737,0.1218337562121383,0.10116944729244601,0.04499090647688594,0.1659588003355474,2.242462956271964,0.8621546014393583,0.0,0.3333333333333333,4.440892098500626e-16,0.0,2.2569207400820293e-05
1,vqc,126.40178440022282,128,96,540,0.7848475700670664,0.4668004953311398,0.3636028899863899,0.679613256045971,0.25465148790551656,0.06467089492764198,0.08763158386515259,0.1434512843507988,2.3069262904047534,0.809445118028236,0.0,0.3333333333333333,4.440892098500626e-16,0.0,0.0006473671438774537,0.7974283423192796,0.5003379191229137,0.355593290384336,0.6587019745787958,0.2347862443066279,0.05923433488450688,0.08290194574165942,0.136674928700188,2.3862643109489845,0.7849518439771414,0.05,0.2833333333333333,4.440892098500626e-16,0.0,0.00022223776156787568,0.7156530843832659,0.6939000915335376,0.4514250764156356,0.49861119940074283,0.24075561898488232,0.08278082279357106,0.048665223129565234,0.2862767052329508,2.7943172027485796,0.27384182024440984,0.28,0.05333333333333329,4.440892098500626e-16,0.0,0.0006551022221299279,0.7955707885347312,0.4668004953311398,0.35706572232178474,0.679613256045971,0.2402700200412755,0.06098105668807586,0.08398310087795467,0.1387316914821258,2.4950354375545944,0.809445118028236,0.0,0.3333333333333333,4.440892098500626e-16,0.0,1.4533852258464521e-05,0.8269134710974975,0.6175307111898972,0.32655986558903627,0.533388717788366,0.19991991288931227,0.0881102879675313,0.07003968373360893,0.1328048151254845,2.051597156728949,0.6689058526751827,0.0,0.3333333333333333,4.440892098500626e-16,0.0,1.7847634712188157e-06,0.832122092577622,0.660810421549242,0.320322735381802,0.5310749267955992,0.20005000540180867,0.0843577515674422,0.0740753443560214,0.12086637780451381,2.0615895713432293,0.6793776988781705,0.05,0.2833333333333333,4.440892098500626e-16,0.0,1.479571116387274e-05,0.8489876386513079,0.7538235372433937,0.32752864109866486,0.4058082245715784,0.0974338465796063,0.06555242240910851,0.011900647860032717,0.11112887190005516,3.655189327206335,0.41600807670637285,0.28,0.05333333333333329,4.440892098500626e-16,0.0,0.017501830448022653,0.8312091283534352,0.609582175273036,0.32202007235638747,0.5385619680515111,0.2008727964916521,0.08394873052433219,0.07220955490697997,0.12446021222500649,2.2107489564835716,0.6689058526751827,0.0,0.3333333333333333,4.440892098500626e-16,0.0,1.038983610142586e-06,0.8614023569625542,0.7644071280980956,0.24826246655420742,0.39252795167203763,0.17085013021702003,0.07536928870745133,0.0955027148988571,0.14012392872473428,1.8464978972804154,0.7853714353688944,0.0,0.3333333333333333,4.440892098500626e-16,0.0,0.00048662048223923894,0.862553651033991,0.7350103412946937,0.24341068763444076,0.4116092459201574,0.16656834990974684,0.07266226245715443,0.09878637535917971,0.1296314010927257,1.815515078023687,0.7702572667707885,0.05,0.2833333333333333,4.440892098500626e-16,0.0,6.763456329231032e-05,0.7967985962916025,0.7559200755963932,0.32997980066123855,0.3933233588826987,0.18648117941489217,0.06946238491190763,0.15310194351794756,0.12286139616478486,2.853998850904956,0.3196113923947945,0.28,0.05333333333333329,2.220446049250313e-16,0.0,0.0011776713350580884,0.8630031520684728,0.7350103412946937,0.24439707740905145,0.41254960661375717,0.1686875605130677,0.07421431354378148,0.09905149414899275,0.13307940817720296,1.9912688981677258,0.7853714353688944,0.0,0.3333333333333333,6.661338147750939e-16,0.0,1.7736533855065265e-05
2,qsnn,85.82105140015483,128,92,600,0.8501664033821418,0.7751333300569203,0.30132006917604875,0.42862610114930255,0.15957901554386877,0.09463197771531594,0.06299549675509296,0.18734245645889944,2.262477552145365,0.7361756476759646,0.0,0.3333333333333333,4.440892098500626e-16,0.0,0.00011142997811431635,0.8546436247089166,0.7712145980401854,0.3003307538364683,0.42326286652171075,0.15168602921370838,0.09693264389590614,0.06100840677901128,0.17946682231207042,2.2374175958514253,0.7476584041823902,0.05,0.2833333333333333,4.440892098500626e-16,0.0,4.456316351892612e-05,0.7869769171448378,0.7736020768257953,0.3758057027005547,0.3987109216362595,0.10464470225886939,0.15858475385206772,0.026277739495713433,0.30093024566865634,2.919993867984363,0.3020661137572582,0.28,0.05333333333333329,4.440892098500626e-16,0.0,0.01685306990526714,0.8536458094825429,0.7712145980401854,0.2999215058831193,0.43042489874907414,0.1554296376236996,0.09618242739063637,0.0604600657953164,0.1841359052611216,2.41207304861069,0.7361756476759646,0.0,0.3333333333333333,4.440892098500626e-16,0.0,4.748188323185778e-06,0.8501664033821418,0.7751333300569203,0.30132006917604875,0.42862610114930255,0.15957901554386877,0.09463197771531594,0.06299549675509296,0.18734245645889944,2.262477552145365,0.7361756476759646,0.0,0.3333333333333333,4.440892098500626e-16,0.0,0.00011142997811431635,0.8546436247089166,0.7712145980401854,0.3003307538364683,0.42326286652171075,0.15168602921370838,0.09693264389590614,0.06100840677901128,0.17946682231207042,2.2374175958514253,0.7476584041823902,0.05,0.2833333333333333,4.440892098500626e-16,0.0,4.456316351892612e-05,0.7869769171448378,0.7736020768257953,0.3758057027005547,0.3987109216362595,0.10464470225886939,0.15858475385206772,0.026277739495713433,0.30093024566865634,2.919993867984363,0.3020661137572582,0.28,0.05333333333333329,4.440892098500626e-16,0.0,0.01685306990526714,0.8536458094825429,0.7712145980401854,0.2999215058831193,0.43042489874907414,0.1554296376236996,0.09618242739063637,0.0604600657953164,0.1841359052611216,2.41207304861069,0.7361756476759646,0.0,0.3333333333333333,4.440892098500626e-16,0.0,4.748188323185778e-06,0.8448129729668348,0.6728616278462042,0.27676055978316155,0.47890505331515004,0.18810989504699735,0.0532463383230343,0.06178407191299006,0.10189771161106266,2.0711070227786936,0.6863557852505409,0.2,0.1333333333333333,4.440892098500626e-16,0.0,4.536605333493444e-06,0.8446431148301474,0.6900042941631631,0.2769834716567245,0.48039539357256816,0.18978663573191898,0.05167140137412537,0.06406217457810714,0.09099913486799058,2.0611703885002863,0.7113103951065692,0.05,0.2833333333333333,4.440892098500626e-16,0.0,0.00010099227314244925,0.8139932649108397,0.7535245611724368,0.35567868350338155,0.39610658122533954,0.1555476456194774,0.01177345506379521,0.05657977548741774,0.0635409217134437,3.141455246266778,0.34215173376074287,0.28,0.05333333333333329,2.220446049250313e-16,0.0,0.01585214469371205,0.8448349789019108,0.6726806460361638,0.27729017017589974,0.4826712527925331,0.18959733973881862,0.05181726676524073,0.06419531397969912,0.0943731986380679,2.213647169729883,0.6863557852505409,0.04,0.29333333333333333,4.440892098500626e-16,0.0,4.536605333493444e-06
2,vqc,137.0565599000547,128,96,400,0.818977856795814,0.649005300684742,0.32260849532170777,0.4517843352445458,0.1608712597357835,0.05074319545303045,0.06353867659214994,0.10910905796124325,2.1063004418817637,0.8530436608546931,0.0,0.3333333333333333,4.440892098500626e-16,0.0,0.000280227654819094,0.8241955913820332,0.6716994338079226,0.3176537495934303,0.4565779819127354,0.15560187168670328,0.049983797998300064,0.0624119460309116,0.10938725340294111,2.102150726765228,0.8578133659466296,0.05,0.2833333333333333,4.440892098500626e-16,0.0,0.0006646164906561992,0.8230846542127549,0.7477010445100648,0.29313779691698694,0.3909931596392402,0.14847544266743748,0.03293806037587914,0.0891515255085613,0.09987065778621165,2.7754112800541395,0.32611284152954767,0.28,0.05333333333333329,1.1102230246251565e-16,0.0,0.0029067679236405614,0.8237028837665601,0.649005300684742,0.3193437343929227,0.45690924716916403,0.1574335470839481,0.049469597719721176,0.0630799050086936,0.10908724297296159,2.205839383470805,0.8530436608546931,0.0,0.3333333333333333,6.661338147750939e-16,0.0,0.0002537137537032652,0.8361959866063341,0.6975011989308976,0.3282262084796645,0.4350541902188525,0.17654613268608904,0.04582123258167054,0.04613819307290624,0.08715661932403126,2.00615251098042,0.763118588831939,0.0,0.3333333333333333,4.440892098500626e-16,0.0,8.126529467280512e-05,0.8430289174578134,0.7254252816262802,0.32203823447681823,0.4027739855640349,0.17623135941999185,0.041271472239630395,0.047171745570034306,0.07924443647957302,2.050877114981276,0.7254648508979096,0.05,0.2833333333333333,4.440892098500626e-16,0.0,4.219487642202772e-05,0.834664953368508,0.8307973603999375,0.32385608950097244,0.32967251520509394,0.17757912974208084,0.029560908113786675,0.09127502324609528,0.09798155754836071,2.0327079279940965,0.2213832240712455,0.28,0.05333333333333329,4.440892098500626e-16,0.0,0.01809471254863267,0.842115213863062,0.6975011989308976,0.32291647127282413,0.4350541902188525,0.1760086090828894,0.04210638238792536,0.04744065247324447,0.08104039871533691,2.11107524756425,0.763118588831939,0.0,0.3333333333333333,6.661338147750939e-16,0.0,2.3407830307160827e-06,0.8477516802197601,0.7160176791421307,0.24450328179243438,0.421609465238384,0.21968880720341447,0.1206364430108756,0.12003893586452447,0.172567973006132,1.6271327479847915,0.7175645189168198,0.0,0.3333333333333333,4.440892098500626e-16,0.0,7.198919275131577e-05,0.8509034304624313,0.7261550807479149,0.24109555591027845,0.37756925509953826,0.22709701498964216,0.12910863737864145,0.13042341955167486,0.1762810269918327,1.5907290244645036,0.6843912957820323,0.15,0.18333333333333332,4.440892098500626e-16,0.0,0.0002169636983048635,0.7516482023849961,0.7170564186142525,0.3487724587702134,0.3839141081786026,0.3025979637090285,0.18226055488555012,0.22753464951394822,0.24301407318073345,2.2741047406757438,0.2664287489875671,0.28,0.05333333333333329,6.661338147750939e-16,0.0,0.0013740771608620529,0.8498907592771315,0.7160176791421307,0.24249793222859847,0.421609465238384,0.22631500995155615,0.12799103508760312,0.12934766053422486,0.1767295635190444,1.6952028024192878,0.7175645189168198,0.0,0.3333333333333333,6.661338147750939e-16,0.0,7.198919275131577e-05
3,qsnn,98.76515359990299,128,92,20,0.7926097862673842,0.6084967641552713,0.3524734506779166,0.5525940944739782,0.13409803718207441,0.09328160364922043,0.07255780615906363,0.24840003348922765,2.4638210165340686,0.8801492974735434,0.0,0.3333333333333333,4.440892098500626e-16,0.0,9.65381649604231e-05,0.7976487527283236,0.664054830040758,0.3564390408208179,0.4830893547382648,0.12100579798319618,0.09647323914404113,0.07047717163991885,0.2440844169629183,2.5085764461275932,0.8175830313033794,0.05,0.2833333333333333,4.440892098500626e-16,0.0,2.3474592797429524e-05,0.7751305857316186,0.7523270691714973,0.3512638521244748,0.36665064672453096,0.12154542518113085,0.0740426334037145,0.06621573555951495,0.32764595876379854,2.8905604480080616,0.3220936005654912,0.28,0.05333333333333329,4.440892098500626e-16,0.0,0.00027176995146932,0.7954827456304439,0.6084967641552713,0.355581101389139,0.5525940944739782,0.12373360096720612,0.09617582442021667,0.06925499114154195,0.24423913285851567,2.5824798233632635,0.8801492974735434,0.0,0.3333333333333333,4.440892098500626e-16,0.0,2.4421133805213877e-07,0.8613568360429894,0.6592150737479864,0.24082118034081879,0.48765837978844095,0.16205713345477438,0.09188969588728911,0.05503057601267102,0.1466374750224243,1.25013058781363,0.8510100683457457,0.0,0.3333333333333333,4.440892098500626e-16,0.0,0.0009455543560509145,0.8744066189478279,0.7013299343870787,0.2291938868642333,0.45434885929542,0.146674154937208,0.08594809576434052,0.05316542645745979,0.13489316583243977,1.2586914957059132,0.8334080813588218,0.35,0.016666666666666663,4.440892098500626e-16,0.0,0.00013210812429470422,0.868083163037097,0.8495931449478179,0.2582814368852279,0.2933306720288811,0.07291176819214051,0.02971611331265111,0.015125117215097324,0.07058020372690282,1.6324772195591415,0.19442945940065645,0.32,0.013333333333333308,2.220446049250313e-16,0.0,0.009365805033173455,0.8723035192653005,0.6592150737479864,0.2311742834833015,0.48765837978844095,0.14977827977289793,0.08667415320349134,0.05355473833560437,0.1368144940539192,1.259156115579777,0.8510100683457457,0.0,0.3333333333333333,4.440892098500626e-16,0.0,4.178414814807248e-05,0.825616452608145,0.6990047089424621,0.3099025002574138,0.4445687413447493,0.16945636577658077,0.03451075834481107,0.08024667934082884,0.12147039601720984,2.069385830180631,0.7683574969262639,0.1,0.2333333333333333,4.440892098500626e-16,0.0,6.166008200419364e-05,0.8217376896881158,0.6954053458478398,0.3153705126313746,0.4322655228961282,0.1764777699929156,0.0360011770206564,0.08942795395244836,0.12049164135874091,2.188220796530278,0.7303918794365066,0.15,0.18333333333333332,2.220446049250313e-16,0.0,4.7853494961870505e-05,0.7768831445095952,0.7244583686113657,0.3813968169082257,0.4231649486613218,0.2284793258438544,0.02630339108563103,0.18757062082730605,0.145682792966524,2.9084011090978588,0.3313231841862975,0.28,0.05333333333333329,2.220446049250313e-16,0.0,0.0017487285420877436,0.8227753711530311,0.6934449799959392,0.31512474762739195,0.4445687413447493,0.17494512396971823,0.03565325532071131,0.08787769202407687,0.12139402975172404,2.2121991829745444,0.7683574969262639,0.1,0.2333333333333333,4.440892098500626e-16,0.0,1.936567027177502e-06
3,vqc,158.01738350000232,128,96,510,0.7792294415084347,0.6406802692457849,0.3761074289939968,0.5235217150575622,0.21274863715794554,0.1311432557323171,0.058140590339157756,0.19101522467197193,2.227250416914663,0.8104735828791844,0.0,0.3333333333333333,4.440892098500626e-16,0.0,9.244260291459225e-05,0.7785200953518598,0.6454257255318412,0.3768088734046416,0.5402844787910247,0.21541665296641735,0.12897002210827738,0.060185764018573215,0.19255108402895868,2.2608395746702237,0.808318920033739,0.05,0.2833333333333333,4.440892098500626e-16,0.0,5.5016804954593144e-05,0.6611030092813761,0.6388550091944211,0.5292869392202353,0.5402844787910247,0.220709316648505,0.3168305297948494,0.014273690811768894,0.42244070639313247,2.8397699811592267,0.32129500551615414,0.28,0.05333333333333329,4.440892098500626e-16,0.0,0.006537914178373991,0.7784683598419788,0.6388550091944211,0.37696873457352664,0.5402844787910247,0.21486429967082188,0.13323442943172206,0.05995496683954514,0.1944567439808243,2.2894167237851297,0.8104735828791844,0.0,0.3333333333333333,4.440892098500626e-16,0.0,4.368404801813358e-06,0.8577612684326108,0.7115534688454859,0.27774961027423795,0.41382436611207246,0.2185156496410534,0.12108290774088398,0.12085628710652423,0.19238658307240028,1.4284710595777341,0.7302990904032414,0.0,0.3333333333333333,4.440892098500626e-16,0.0,0.00012123408039881654,0.8603988367095781,0.7000941229390277,0.2728280031966749,0.4038377798140357,0.2255510477494688,0.12178936273933785,0.12835015131731656,0.1905726643199774,1.4067100032414313,0.7228517749056186,0.05,0.2833333333333333,6.661338147750939e-16,0.0,0.00015679346414376624,0.8773221748180833,0.8693364993173147,0.28833630450059605,0.31169884832039274,0.1931629818824808,0.13757713345572964,0.17436980850005274,0.18343617794097283,1.8636181908530165,0.21320491818369053,0.28,0.05333333333333329,4.440892098500626e-16,0.0,0.026034005664369926,0.860322204293119,0.7000941229390277,0.2740298983238197,0.41382436611207246,0.224562582543727,0.12328941796629567,0.12767329851057244,0.19332018310290128,1.4645423350857232,0.7302990904032414,0.0,0.3333333333333333,6.661338147750939e-16,0.0,5.515802658780221e-05,0.8432665297218023,0.7010565669024038,0.2795097586797717,0.4058602818892381,0.16805753706431797,0.11620592466446328,0.07499558638789669,0.1688473861322409,1.828961502399973,0.8871474262732829,0.0,0.3333333333333333,3.3306690738754696e-16,0.0,4.011085123968924e-05,0.8434203747430242,0.7136453976428714,0.2786174747970389,0.40380735793746425,0.17161300636022786,0.11757167423350905,0.07963131240686337,0.16882852131455411,1.8221601338926356,0.8720355685635309,0.05,0.2833333333333333,4.440892098500626e-16,0.0,0.00011511884121198957,0.8252455236188613,0.8005609759915396,0.3167757010321655,0.33940816336321494,0.0666314930267878,0.13673639783842687,0.03775265570393786,0.18282210191160858,2.3975838272661054,0.27511629417113365,0.28,0.05333333333333329,4.440892098500626e-16,0.0,0.01532692895689313,0.8431001372379342,0.6925273892129375,0.27895315969366624,0.4058602818892381,0.17085137025325547,0.11834712399583233,0.0787251636639056,0.16860608200471755,1.8705625956274232,0.8871474262732829,0.0,0.3333333333333333,6.661338147750939e-16,0.0,4.011085123968924e-05
4,qsnn,95.75585180008784,128,92,230,0.805809973990833,0.6735536114712856,0.3660712073434063,0.49870884002574123,0.16473728070306584,0.10041175922469923,0.05298272229796082,0.14991436403448466,2.2930320252072374,0.9039892872741441,0.0,0.3333333333333333,4.440892098500626e-16,0.0,0.000153997096152192,0.8066341129666948,0.6524360432563362,0.36011206666475515,0.4456938591172184,0.1573911282573023,0.09859212662273419,0.046228599065013656,0.14228863792176566,2.327506649320867,0.8757864451426913,0.05,0.2833333333333333,4.440892098500626e-16,0.0,0.00026067646084305767,0.7623672750933572,0.7571655521508148,0.41303945932009617,0.4240179969144309,0.15107537003316243,0.14116482890283658,0.06102353969017096,0.18821977187044878,4.2030552325527895,0.44284272066213126,0.28,0.05333333333333329,4.440892098500626e-16,0.0,0.015654914058805643,0.8071423740682202,0.6502466526382327,0.3614252350063735,0.49870884002574123,0.15862035891077703,0.09846060225313512,0.04694357815256532,0.14284764506883324,2.52002207911893,0.9039892872741441,0.0,0.3333333333333333,6.661338147750939e-16,0.0,4.094532679650489e-06,0.8523680515524216,0.7728201873428449,0.2918649944911857,0.3936710724991294,0.17284867118579825,0.08257280708924251,0.08944183629813433,0.11709607937331733,1.3595682187769027,0.7003362578253747,0.1,0.2333333333333333,4.440892098500626e-16,0.0,0.00022720389995888957,0.8528822403691046,0.7742315650522414,0.2874005672959339,0.39274777368200264,0.1778692270045095,0.08163114090275689,0.09381804575566492,0.1173255392940232,1.3489270791433359,0.6892940725188595,0.05,0.2833333333333333,4.440892098500626e-16,0.0,0.0006289419890255048,0.8447460148530259,0.828277899439277,0.2788568742919376,0.3222030354090817,0.1290540367122786,0.06819358085597568,0.10174675727221061,0.09560596619233196,1.801501353034536,0.2147282662013701,0.28,0.05333333333333329,4.440892098500626e-16,0.0,0.0030730466568715583,0.85264218658539,0.770913562300099,0.2880669085457844,0.3949503497293204,0.17796293792812354,0.08165039901688662,0.09432074268180224,0.11713195831137954,1.3892504357688915,0.7003362578253747,0.02,0.3133333333333333,4.440892098500626e-16,0.0,0.0001850931019532973,0.837524717322566,0.5760191189709328,0.2902205643330429,0.565514995762765,0.2105226392086272,0.07078109094923497,0.07764938903299948,0.13906155679782056,2.0961284529194737,0.8108625621543941,0.0,0.3333333333333333,6.661338147750939e-16,0.0,0.00012216953797801157,0.8403498233544765,0.5579744492101617,0.28566536466685666,0.5370929010625178,0.20849145952228648,0.07481394666621441,0.0820659492227692,0.14226708258016635,2.106536513764757,0.77660129095102,0.05,0.2833333333333333,4.440892098500626e-16,0.0,8.431937536530835e-05,0.8778687617800366,0.8651606243966206,0.2783038409694542,0.29117435741790454,0.09246766172135519,0.03537765491918881,0.030219029280321413,0.09465541687937717,3.093471917411305,0.3292550728367048,0.3333333333333333,0.0,4.440892098500626e-16,0.0,0.017864396398758378,0.8410213362877058,0.5384770902356636,0.28604147959037823,0.565514995762765,0.20834259932765997,0.07465383654590338,0.08086783105367958,0.1412301823157006,2.26108810466008,0.8108625621543941,0.0,0.3333333333333333,6.661338147750939e-16,0.0,3.104913821097084e-05
4,vqc,138.4175601999741,128,96,390,0.7896825522204828,0.6393227415402758,0.34575601915032633,0.5396400762594856,0.31261678489402106,0.1397637395522645,0.13922295760311423,0.19240828154967887,2.064068995121328,0.8874504106110673,0.0,0.3333333333333333,4.440892098500626e-16,0.0,9.390689930486771e-05,0.7891455484286702,0.6588978357806772,0.3465653645415544,0.5049426458672829,0.32230700196785567,0.14848178265811546,0.14578911169836672,0.2017699150691766,2.053194152308709,0.8204286055129758,0.05,0.2833333333333333,4.440892098500626e-16,0.0,7.42268816593894e-05,0.727780469294957,0.6798396024584106,0.4179554023086595,0.45778534327757137,0.42995136042948034,0.27352862826590624,0.27730930906098317,0.36470483768787504,2.37218272744134,0.27215620424482545,0.28,0.05333333333333329,2.220446049250313e-16,0.0,9.390689930486771e-05,0.78885192632245,0.6393227415402758,0.3469979107158895,0.5396400762594856,0.3210446169998233,0.14698334887233191,0.14617980995758223,0.2009142799641423,2.1423158689312563,0.8874504106110673,0.0,0.3333333333333333,4.440892098500626e-16,0.0,4.587663712116747e-05,0.8236679368737371,0.6962280650632483,0.29862358514008563,0.4433867338664191,0.2595015512284733,0.1642445447496985,0.15162365049051912,0.23036363421765146,1.4844815506708524,0.664985009364208,0.0,0.3333333333333333,4.440892098500626e-16,0.0,3.2488625338698505e-05,0.8217470650213577,0.7140108248361635,0.2981915808303989,0.42356926736317646,0.2727381820287761,0.17431755267354904,0.15954163513301775,0.2333973987994896,1.4454618040798515,0.5756422605470599,0.05,0.2833333333333333,4.440892098500626e-16,0.0,0.00011590994326865911,0.8064949193713883,0.782073001622964,0.31440026917459557,0.32950674737095975,0.32307898051204076,0.2645528708195707,0.2695132578080726,0.35273716109276076,1.4449094133602893,0.1617353845616005,0.28,0.05333333333333329,4.440892098500626e-16,0.0,0.0027908853303194835,0.8225109473179569,0.6962280650632483,0.29824649497594014,0.4433867338664191,0.27084967876469673,0.17290394944802912,0.15856265481528345,0.23426920067544738,1.5498032144810099,0.664985009364208,0.0,0.3333333333333333,4.440892098500626e-16,0.0,3.2488625338698505e-05,0.794442929550391,0.6621860476468157,0.32348863496611957,0.47889306545323523,0.31570893129992095,0.1633024274781299,0.1645381238289297,0.2359976848236851,1.6555574560032178,0.7720477686168882,0.0,0.3333333333333333,4.440892098500626e-16,0.0,4.930520575042434e-05,0.7910919732949852,0.6597670647891885,0.3291268226951306,0.4526714924993777,0.33033765270812887,0.1802477103366556,0.1775517006278797,0.24862157975718557,1.608722453723449,0.694573443558071,0.05,0.2833333333333333,4.440892098500626e-16,0.0,2.379584975155751e-06,0.7381499122305372,0.7053627910416056,0.4416485426938369,0.45272036327048054,0.466040794090447,0.3018667501788964,0.3168385313271963,0.4024890002385284,1.6641287292132174,0.18826930490746296,0.28,0.05333333333333329,4.440892098500626e-16,0.0,0.0012117524769012895,0.7915695918991391,0.6596148296267709,0.3285285071302598,0.47889306545323523,0.32841646216485765,0.17778479250298143,0.17681365430054477,0.24674373660461968,1.7258097888350488,0.7720477686168882,0.0,0.3333333333333333,4.440892098500626e-16,0.0,8.522859249521949e-07
5,qsnn,107.11843140004203,128,92,360,0.770434736414281,0.6394679039578894,0.3944431370652547,0.5025109708297263,0.18153759960333476,0.103263853416914,0.09568412451607142,0.20319153799469117,2.3798498630077267,0.8910791405778548,0.0,0.3333333333333333,4.440892098500626e-16,0.0,0.00044831446497515533,0.7678559213600689,0.6177655980555936,0.3982812366454884,0.5052054540787533,0.18285259447388508,0.10248466282140714,0.08924101058259017,0.20656079217040518,2.462142541407923,0.8515941399884948,0.05,0.2833333333333333,4.440892098500626e-16,0.0,0.0004023263521537482,0.7259690138321885,0.6372672991742137,0.4680868999974316,0.5088588771818222,0.17267626274227438,0.2225396314337129,0.12086135371619568,0.39080996554304254,3.1961112511615055,0.35655094682282945,0.28,0.05333333333333329,4.440892098500626e-16,0.0,0.01715496551020685,0.768566140761575,0.6177655980555936,0.39783630570162976,0.5103989772376982,0.1822316654357919,0.10343788233355786,0.09107201645632516,0.20625026377521039,2.5512782550090876,0.8910791405778548,0.0,0.3333333333333333,4.440892098500626e-16,0.0,8.243587328665861e-05,0.8321261415380351,0.645667170176656,0.272206287034893,0.4998614753234092,0.186668309192627,0.06334500071759017,0.07341876308012972,0.1944387582259091,1.4272729753772293,0.7689142066361937,0.0,0.3333333333333333,4.440892098500626e-16,0.0,0.0004912089590352339,0.8334682903089036,0.632997894376834,0.2701787324712332,0.5056526895714315,0.18868574746165157,0.06546283266108144,0.07743202860656925,0.19629229181696503,1.4589868418823255,0.7719464675094077,0.05,0.2833333333333333,4.440892098500626e-16,0.0,0.00023889676662303594,0.8242157713914678,0.7945452171900457,0.2786348438900608,0.29360598744048627,0.11350511269384851,0.0210360555361219,0.06003516618485553,0.27964047477687426,2.0585426468745154,0.23763247286619046,0.28,0.05333333333333329,2.220446049250313e-16,0.0,0.003887644188041257,0.8338944686212532,0.6318920018461862,0.2703304931121589,0.5086196865393688,0.1876748353319793,0.06584622241274361,0.07658005701138294,0.1979913034830386,1.484630489440294,0.7689142066361937,0.0,0.3333333333333333,6.661338147750939e-16,0.0,0.00015933905088983161,0.8231171045396896,0.6318978827699864,0.3178579007914347,0.45918110626537106,0.1759897299095641,0.06465087925282453,0.061129689124782345,0.09424976828989275,2.3489046597026304,0.6977080228446353,0.0,0.3333333333333333,4.440892098500626e-16,0.0,0.00034100584620699187,0.8254498917991159,0.6584056633268117,0.32194542534822146,0.44830703112298687,0.17765924995632842,0.06513537305653246,0.060660719774731406,0.0928040697342094,2.491223223431044,0.7032435547383811,0.05,0.2833333333333333,4.440892098500626e-16,0.0,8.055744335079235e-05,0.8063753732659634,0.7783750882166425,0.37540512310782675,0.42913326292220966,0.12075422768493385,0.10603924491904018,0.05323816291290019,0.14138565989205368,3.3157040417908448,0.38955403961577845,0.28,0.05333333333333329,4.440892098500626e-16,0.0,0.010754385693868843,0.8256549409352574,0.6318978827699864,0.3205023371540213,0.45918110626537106,0.1768906706626591,0.06465950122589806,0.060927220490638694,0.09340684855497305,2.501892234155312,0.6977080228446353,0.0,0.3333333333333333,4.440892098500626e-16,0.0,6.136875857746092e-05
5,vqc,134.07286010007374,128,96,550,0.8257559981344502,0.6610174605210829,0.3205544626746588,0.5386624752221982,0.19300756378687345,0.07088735837193624,0.08877675487268535,0.13206179500819976,2.616265437333916,0.8367600924395486,0.0,0.3333333333333333,2.220446049250313e-16,0.0,3.6441838212072735e-05,0.8267875330325356,0.6522226520076474,0.314786569495799,0.5202141361964182,0.1892966445520974,0.06867509040052773,0.08481484413524788,0.12662645981608261,2.659262560753751,0.8114205432107313,0.05,0.2833333333333333,4.440892098500626e-16,0.0,3.0171630844371485e-05,0.7950371518646603,0.7649679010097017,0.3330856045007206,0.3611534411929224,0.19497534697670624,0.08784547579373636,0.1105032674189786,0.14614682242324567,3.2278878831767805,0.3256169814187028,0.28,0.05333333333333329,4.440892098500626e-16,0.0,0.0017887728882468924,0.8273045603359989,0.6470976725619755,0.3166557492091924,0.5399908982645006,0.19106671067357203,0.06797452380972437,0.08498156342635708,0.1265645125776933,2.870838565297941,0.8367600924395486,0.0,0.3333333333333333,4.440892098500626e-16,0.0,3.017163084437248e-05,0.8267300040137425,0.677360495933385,0.32172323232888417,0.44843733725946,0.23737479281690155,0.0995814176252571,0.1315732222526257,0.15919559110503984,2.3086544092831156,0.8398937934113249,0.0,0.3333333333333333,4.440892098500626e-16,0.0,1.8933994116828573e-05,0.8322223822810132,0.6548459592648022,0.3238468863956205,0.4907343792637515,0.2370561029516683,0.10214925248907189,0.1338721714820552,0.15001864170455004,2.2799485708816754,0.8083568257472911,0.05,0.2833333333333333,4.440892098500626e-16,0.0,6.254359670951565e-05,0.8024248659018021,0.761054470677752,0.3758776877426967,0.42012316751478707,0.30190061877874336,0.15317342623227725,0.22807914493997264,0.20423123497636966,2.0126397969844807,0.22714812819972144,0.28,0.05333333333333329,2.220446049250313e-16,0.0,0.008276657877471689,0.8314417460617536,0.6535745791990308,0.3229496441502581,0.4907343792637515,0.23769575457001274,0.10069959154533564,0.13400684189823914,0.1537615673871904,2.4462854552645252,0.8398937934113249,0.0,0.3333333333333333,6.661338147750939e-16,0.0,1.0932257897087593e-06,0.8423687845864465,0.720081779968164,0.2746095102461313,0.4719063574232908,0.21957807323030992,0.10856886464365849,0.12911124898872675,0.15721369060466558,2.0174600426964036,0.816122590731217,0.0,0.3333333333333333,4.440892098500626e-16,0.0,0.00011303920338340121,0.842317965008266,0.6805353890818507,0.266583654669191,0.4172680415376406,0.21856254787692792,0.10711673187798124,0.13189759976123244,0.1618156503007452,1.9234632019864162,0.734818565513828,0.05,0.2833333333333333,4.440892098500626e-16,0.0,0.00025669617829057024,0.7997870887347218,0.7723619431001286,0.3137946883311796,0.3220446648545547,0.20785032573655232,0.10433591684387762,0.163895474915167,0.15740818982754265,1.7827804478472296,0.18564526249787988,0.28,0.05333333333333329,2.220446049250313e-16,0.0,0.00011303920338340121,0.843136228168075,0.6801093409166292,0.26899201291242925,0.4719063574232908,0.21962478155184764,0.10934793282531674,0.13126089986609626,0.1606267527145901,2.160765974748578,0.816122590731217,0.0,0.3333333333333333,4.440892098500626e-16,0.0,2.4774014379091325e-06
6,qsnn,106.14773909980431,128,92,70,0.8186427861910015,0.4794464764829644,0.3273931014602381,0.6660591110777755,0.18440242310419455,0.12017862393538663,0.09632793611913472,0.191191696172499,2.1345830647260744,0.7544629527786479,0.0,0.3333333333333333,4.440892098500626e-16,0.0,9.637587830337718e-05,0.8357888080648227,0.5665111591746855,0.31465673815882217,0.6031024613016169,0.15636015472545775,0.11888579018227978,0.07479119084348439,0.18398673739865407,2.1948870308520387,0.7175305643917947,0.05,0.2833333333333333,4.440892098500626e-16,0.0,0.00020232345991070402,0.7444856312212517,0.7310152162862107,0.4395976096311037,0.4604666045899384,0.08733302353572067,0.23230438896171254,0.029735853838841336,0.3121234226891536,1.8472293887832425,0.15376460312351375,0.3,0.033333333333333326,4.440892098500626e-16,0.0,0.0026977621547153528,0.8328899570611442,0.4794464764829644,0.3163563660796268,0.6660591110777755,0.1630416232484102,0.11912777711649515,0.0819745858310286,0.18667528300180103,2.285793489718864,0.7544629527786479,0.0,0.3333333333333333,4.440892098500626e-16,0.0,3.3915213500875646e-05,0.8369464534651999,0.7092838484110443,0.3104942232131806,0.39810035621942097,0.19248072269876468,0.09309747098326614,0.09179985382999621,0.15732105441618693,1.3004970338541089,0.8996377400023513,0.0,0.3333333333333333,4.440892098500626e-16,0.0,5.2699178744830506e-05,0.8414410278099105,0.7277555558311983,0.30573447432490797,0.40243651259326,0.19973435788759925,0.09256556861751698,0.09356030986421078,0.1497517936759134,1.3243427482126757,0.8759980999823678,0.05,0.2833333333333333,4.440892098500626e-16,0.0,4.111356690521915e-05,0.8362178570100249,0.8181993547923069,0.32179532228511665,0.34270070608558467,0.176355687367919,0.042136339777689304,0.09883873477887142,0.0749714046289074,1.7780677561198317,0.2114966020086368,0.28,0.05333333333333329,4.440892098500626e-16,0.0,0.01644078348910956,0.840769934128291,0.7092838484110443,0.3064070254702077,0.40243651259326,0.1986431585038499,0.09200819840793291,0.0932820306145444,0.15087766265291128,1.3107017907523175,0.8996377400023513,0.0,0.3333333333333333,4.440892098500626e-16,0.0,1.2356402064157062e-05,0.8372881079840674,0.7193194266078576,0.2853707734727222,0.41060100720602927,0.19590484036338077,0.10489484341942071,0.07452650547815237,0.16786583127665614,1.9641422091472074,0.629769859557341,0.0,0.3333333333333333,6.661338147750939e-16,0.0,0.0003411838772193276,0.8433405912061342,0.7384322386047119,0.278548963610985,0.39324929514658324,0.18829719746564633,0.09808030079690526,0.06664026582595439,0.16185074512756276,1.9743729400432797,0.6043355728540436,0.05,0.2833333333333333,4.440892098500626e-16,0.0,0.0005202698039393155,0.7537441445084456,0.7359277011790776,0.39204604550607003,0.41060100720602927,0.17732737125051015,0.10671157613340118,0.00915539871550537,0.18084730202422056,2.0094049783305667,0.20447539292783237,0.28,0.05333333333333329,6.661338147750939e-16,0.0,0.006380665576117977,0.8422666274515881,0.7193194266078576,0.2807540850735246,0.41060100720602927,0.1926166923683926,0.09937782555724052,0.06920932089797979,0.16353925310007816,2.0538129291606713,0.629769859557341,0.0,0.3333333333333333,6.661338147750939e-16,0.0,0.00027846563486037346
6,vqc,135.31511780014262,128,96,400,0.7729051305078343,0.5437910109226662,0.36016423861980146,0.5892424985305461,0.18539967463767432,0.11729964545869284,0.08528589834028817,0.1887455354145674,2.1586546280753423,0.9173423591480255,0.0,0.3333333333333333,4.440892098500626e-16,0.0,2.5309590549691306e-05,0.7749712061801158,0.5477885530546241,0.3512428920892302,0.6136783703205941,0.1818168011926562,0.11472746608623777,0.08304079450106791,0.17728660364027155,2.1418083187100136,0.9364297318392351,0.05,0.2833333333333333,4.440892098500626e-16,0.0,3.337850413813076e-05,0.7026949442688416,0.6947704667143049,0.44222345705256844,0.45826772240592206,0.13329346572161538,0.18863080388633685,0.09978094017095099,0.25150773851511576,1.99981593070451,0.22267801715465707,0.28,0.05333333333333329,4.440892098500626e-16,0.0,0.0018711861035101847,0.7745584552796337,0.5326694480806917,0.3529849017131421,0.6146188527763289,0.18124679152628742,0.11539927657165439,0.0837712414770813,0.17943940948416964,2.26708515997092,0.9173423591480255,0.0,0.3333333333333333,6.661338147750939e-16,0.0,3.099284372336808e-06,0.8239936294024183,0.7199952978042665,0.31539779519714445,0.41033390350418547,0.21916489076065268,0.1058227590724595,0.09812646094641636,0.18605439349101455,1.8267234341648817,0.7918913685806392,0.0,0.3333333333333333,4.440892098500626e-16,0.0,0.0003045155052884634,0.827065889684636,0.7422282401737044,0.310440256323228,0.3862234394222972,0.22640299849453344,0.10902871582826353,0.1018647570987885,0.18427849546233405,1.7528407590043353,0.7948989952742219,0.05,0.2833333333333333,4.440892098500626e-16,0.0,0.000419334758076647,0.7901341892558674,0.7671584896535963,0.3223836195304107,0.36346745862210283,0.23903596659350382,0.1402126780400015,0.14626472226822024,0.18727268973471495,2.5794297065165344,0.2914963435940132,0.28,0.05333333333333329,4.440892098500626e-16,0.0,0.0007747812594997128,0.8262856845848013,0.7199952978042665,0.31161384179713597,0.41098575327708164,0.22653777827282243,0.10777836793610955,0.10220460056657306,0.18363810764215802,1.8871602256723228,0.7918913685806392,0.0,0.3333333333333333,6.661338147750939e-16,0.0,0.0002709715924829874,0.8451748753899339,0.5893318037720855,0.2561389823548599,0.5117670946721777,0.22932312324536655,0.1364279281461411,0.1335149135901682,0.1918685007389823,1.767582719073126,0.7403206312631659,0.0,0.3333333333333333,4.440892098500626e-16,0.0,0.00016347274039511136,0.855285586904787,0.6841513839735879,0.2491307303459623,0.44638727286480506,0.2286922541801876,0.1457092816688501,0.13809512355382467,0.19427904222513342,1.675440264210383,0.6434372432524044,0.05,0.2833333333333333,6.661338147750939e-16,0.0,0.0007476938379824092,0.8284160584887408,0.80571035209794,0.2779362981647972,0.29843183725585526,0.19391703545947417,0.1347166624687016,0.13369008313073483,0.1796222166249354,2.073056633676687,0.2309925500497987,0.28,0.05333333333333329,4.440892098500626e-16,0.0,0.0021304405135909275,0.8531390467878538,0.5893318037720855,0.25023789594015183,0.5117670946721777,0.2290741455125502,0.1442545353718628,0.13737731010850596,0.19479806488242465,1.8717247204924177,0.7403206312631659,0.0,0.3333333333333333,6.661338147750939e-16,0.0,0.00016347274039511136
7,qsnn,89.96452379995026,128,92,190,0.7690468891110985,0.4587933944405432,0.36391789720043305,0.6813528425412989,0.21141625227666108,0.14529585716000926,0.13934564909274005,0.3289095131100531,1.791591449092,0.9809512052458641,0.0,0.3333333333333333,4.440892098500626e-16,0.0,1.1101907129002988e-06,0.7747714025981413,0.4748720879994428,0.3588284169308668,0.6856526924993456,0.19939165276475485,0.14568871910199405,0.1305622549464134,0.315781304439921,1.8628992096384809,0.9523072132451963,0.05,0.2833333333333333,2.220446049250313e-16,0.0,3.010549484122394e-05,0.6918160843305331,0.6482926748245685,0.47171480047895303,0.4945747499425747,0.14377061626641557,0.2567134460287073,0.09184155094414251,0.4397741389897392,2.160037941422066,0.2563198580783656,0.28,0.05333333333333329,2.220446049250313e-16,0.0,0.003714394648498374,0.7742678276022513,0.45126520630484945,0.3589649993800749,0.6905943242290663,0.2001665056153762,0.14586535090264502,0.13109346124348537,0.31820938659280107,1.8521351051840933,0.9809512052458641,0.0,0.3333333333333333,4.440892098500626e-16,0.0,1.1101907129002988e-06,0.8766526270566056,0.7414279168814056,0.2570590090379712,0.4818021189697237,0.1330364124591136,0.08913130425149982,0.05054917987486562,0.13470882217929747,1.4873529976354862,0.8615141918941203,0.0,0.3333333333333333,4.440892098500626e-16,0.0,5.3314432455006936e-05,0.8808492307384365,0.7662637938816245,0.24935698061157224,0.4433963834010988,0.12710318154344608,0.08918796831500747,0.04554390624271166,0.1332131497580486,1.5251249239316462,0.8731811379430244,0.05,0.2833333333333333,4.440892098500626e-16,0.0,1.3382698339592413e-05,0.8773708369112807,0.8673495565077449,0.28443340939082234,0.30168817997112246,0.04170007809896952,0.09688799962121222,0.010947391547158675,0.17601378766022163,1.982692361108855,0.2291256159809484,0.4,0.06666666666666671,4.440892098500626e-16,0.0,0.022698728269535475,0.8801718490998038,0.7414279168814056,0.2502065958192721,0.4818021189697237,0.12760410652281196,0.08969317019694535,0.0473629256547017,0.13464121060741838,1.5136725036625003,0.8615141918941203,0.0,0.3333333333333333,6.661338147750939e-16,0.0,1.3382698339592413e-05,0.8619660975518763,0.7256866434957367,0.25008050307783053,0.4159916303144843,0.15060490328253098,0.07229754018578251,0.05887521134110598,0.16709698911010243,1.4868586920937272,0.7912246181378493,0.0,0.3333333333333333,4.440892098500626e-16,0.0,8.294776962368828e-05,0.8628282245624075,0.7300832433088188,0.2524065517383053,0.4083580924571774,0.15579905509917702,0.07544788353553758,0.06523852815089634,0.16960913421117024,1.5204499866901786,0.7553861562431794,0.15,0.18333333333333332,2.220446049250313e-16,0.0,0.00013940886645228787,0.8729173303671792,0.8482213387214305,0.29494770438570045,0.3320094083202187,0.06210684199671074,0.085581083362031,0.005643844382690779,0.1334612519713037,2.2483838571112496,0.2650935733273908,0.37,0.03666666666666668,4.440892098500626e-16,0.0,0.03212954816172079,0.8627119575796518,0.7256124749327771,0.252280427865249,0.4159916303144843,0.15489632283844437,0.07595549140720646,0.06345893279018393,0.1694142351995493,1.540961202843185,0.7912246181378493,0.0,0.3333333333333333,6.661338147750939e-16,0.0,2.4929783031401544e-05
7,vqc,131.37896490003914,128,96,440,0.7220818771822812,0.5718304392995632,0.43888471577748334,0.5166029260157047,0.16225053807945636,0.19214043735761363,0.09179434333440785,0.27065238249432966,1.9661342374190351,0.8135257025229978,0.0,0.3333333333333333,4.440892098500626e-16,0.0,0.0006716675208048871,0.7264152388499829,0.5708678846157635,0.43610496153556977,0.5103710658518384,0.15054176576093362,0.1882052653950812,0.08636471857075692,0.26528470848790453,1.9788694603885115,0.8412506321035815,0.05,0.2833333333333333,4.440892098500626e-16,0.0,0.0002725481109456884,0.619708486370886,0.5944416832832516,0.4997877353739124,0.5051234337388795,0.2302978975336433,0.2784376084865575,0.14694465829572081,0.38903825600424174,2.238887112036234,0.2595629179148621,0.28,0.05333333333333329,4.440892098500626e-16,0.0,0.0026032707201551096,0.7260664340105679,0.5620220450695642,0.4363327432813599,0.5166029260157047,0.15453910714988475,0.1889340119095898,0.0874513084821476,0.2664054547070071,2.021958128702114,0.8135257025229978,0.0,0.3333333333333333,4.440892098500626e-16,0.0,0.00024367545952091194,0.8243721058259681,0.7034317007309017,0.3086003763163248,0.4518511268673213,0.27047510614542336,0.21069224700848366,0.18254457171352517,0.2809229960113115,1.1189008592466663,0.43648830876526906,0.0,0.3333333333333333,4.440892098500626e-16,0.0,0.0002833054167885279,0.8274354610967173,0.7038287600490326,0.30541801624300857,0.46035533375367466,0.2771608180959073,0.20589952948735263,0.18673383860901338,0.2759276403415263,1.0477288535792935,0.3574010190038514,0.05,0.2833333333333333,4.440892098500626e-16,0.0,0.0003891726431664875,0.7660515382575513,0.7467542439882137,0.3771533438510653,0.3940739115407703,0.3637458462277617,0.24580648302947353,0.28563184690239873,0.3277419773726313,1.0226987634370344,0.11277247975313323,0.28,0.05333333333333329,4.440892098500626e-16,0.0,0.0023886797598495144,0.8267710653639389,0.703245042078549,0.3061454584439846,0.460564867210878,0.27682464050959205,0.20717719008114277,0.18703908075249737,0.2767143806691431,1.1585725574022905,0.43648830876526906,0.0,0.3333333333333333,4.440892098500626e-16,0.0,0.00027880324299577963,0.8434968233252488,0.693367824662496,0.27130186988507277,0.48934454084909784,0.22445928732709158,0.13922601360963532,0.11267558801176598,0.185634684812847,1.34081843377681,0.5249144280604203,0.0,0.3333333333333333,4.440892098500626e-16,0.0,0.00046637708041110217,0.8482358602322252,0.7017576676255312,0.2672593228232417,0.4782086627059859,0.22441097428521406,0.13358518665662894,0.11481948040047496,0.17854580795711789,1.339172894102016,0.5369587831697793,0.05,0.2833333333333333,4.440892098500626e-16,0.0,0.00019795689678327736,0.8035996369661965,0.7896219064974072,0.27618202153052374,0.30881798938984734,0.17516734841981194,0.10123281010515305,0.13781970708019772,0.13497708014020401,1.906616144691122,0.21762305841660007,0.28,0.05333333333333329,4.440892098500626e-16,0.0,1.9825996522047468e-05,0.8474771679357814,0.693367824662496,0.26829505317967844,0.48954740989217893,0.22542587388260474,0.13537029112042478,0.11613252523292411,0.18063936766205857,1.3847546256907386,0.5249144280604203,0.0,0.3333333333333333,4.440892098500626e-16,0.0,1.3025820254594537e-05
8,qsnn,91.51201589987613,128,92,460,0.7915502605697425,0.5900793333482415,0.3631886103389087,0.5837846842266331,0.21569746562493838,0.0651291167279854,0.0854734843657212,0.15620964450209304,2.352524495061308,0.7660741536963833,0.0,0.3333333333333333,4.440892098500626e-16,0.0,8.577002232172989e-05,0.7917687601672594,0.604372604211317,0.3666604497704573,0.5715322656995769,0.21346764376151448,0.06376209534039298,0.08045833391690561,0.14265197710981517,2.3908834474430254,0.7716064505498584,0.05,0.2833333333333333,4.440892098500626e-16,0.0,0.00013231575368410477,0.6305047455301654,0.5635441283762853,0.5582629194735225,0.5837846842266331,0.35568539994861237,0.12796026982504616,0.16198503750561152,0.20494784160704313,3.7957853451603953,0.404101494054851,0.28,0.05333333333333329,2.220446049250313e-16,0.0,5.5878730973921315e-05,0.7915681774263138,0.5635441283762853,0.36656907732608407,0.5842985689782842,0.2139643132587622,0.06558814769578988,0.08140972645486594,0.14578332626370735,2.520527408304564,0.7660741536963833,0.0,0.3333333333333333,4.440892098500626e-16,0.0,2.1158809262365978e-05,0.8419615831114986,0.6415231497777827,0.2876267051394766,0.48402155842738215,0.16699970178230325,0.1107101481109129,0.09138936035543878,0.16865274014538553,1.8965265316042075,0.4408860403060762,0.0,0.3333333333333333,4.440892098500626e-16,0.0,0.0007475374608983626,0.852473758295446,0.6382966687447065,0.2776707706152815,0.4495359782783218,0.15555486427524615,0.09573419955499875,0.08875788759028909,0.15362336966577828,1.846327481869381,0.4571613253891149,0.05,0.2833333333333333,4.440892098500626e-16,0.0,0.0026967418751724422,0.8602680249459755,0.8204489708098411,0.29812950191289206,0.3431891944319127,0.2046930115779899,0.13230790727149264,0.14403659342300656,0.17798800295976028,2.7643038282173342,0.318369885378096,0.28,0.05333333333333329,4.440892098500626e-16,0.0,0.02033138468419678,0.8505492987828718,0.6382966687447065,0.2797660912809494,0.48402155842738215,0.15895453859624784,0.09803509137842197,0.08901092900029041,0.15489193649976835,2.0447587287713636,0.4408860403060762,0.0,0.3333333333333333,4.440892098500626e-16,0.0,0.0007475374608983626,0.8025008072138163,0.5837763887170001,0.3230852754308821,0.6222586791872144,0.1971969269235343,0.0889874010190832,0.0540301681429664,0.13466631734121676,2.6063855674650718,0.942765524795969,0.0,0.3333333333333333,2.220446049250313e-16,0.0,0.0001724200522722447,0.8065321443966831,0.5336262905571744,0.3243097780084589,0.6346435665435934,0.19405607401581687,0.08449789757448875,0.05610554702816197,0.1277430211844061,2.6392668702525617,0.9532209811646218,0.15,0.18333333333333332,4.440892098500626e-16,0.0,0.0001257424783175731,0.7623422590614615,0.7286069405629743,0.38097800645557506,0.43967325058719703,0.22819503177985048,0.04939400423710038,0.1328395424945732,0.0959161831582346,4.134574702798491,0.4373912755986019,0.28,0.05333333333333329,2.220446049250313e-16,0.0,0.005452651695078087,0.8056017084714973,0.5336262905571744,0.32398616955371273,0.6390461615983816,0.19420848630995785,0.08457212126600618,0.05596456240385016,0.1289592814019961,2.828020867866477,0.942765524795969,0.0,0.3333333333333333,4.440892098500626e-16,0.0,1.8471666727839794e-05
8,vqc,155.46243439987302,128,96,540,0.7571854755461636,0.5417836648557102,0.38586976908365694,0.6219216033584927,0.28792977631636113,0.14140828006239872,0.1934514325529406,0.20441552857000225,1.9376292849107304,0.5929394977661525,0.0,0.3333333333333333,4.440892098500626e-16,0.0,2.2506304211349245e-05,0.7625086478230718,0.5523334217577659,0.37888872643805743,0.6157435469603614,0.28585330002377596,0.1256745617732783,0.19203692317796145,0.18375857778222565,1.9241754286796937,0.574793350059044,0.05,0.2833333333333333,2.220446049250313e-16,0.0,5.2411575554400965e-06,0.6971872876136213,0.6466036847661335,0.41883399073200733,0.44912037771144336,0.2989374178868816,0.08531301047766879,0.24349372495602292,0.15474798867680964,2.7688875732466802,0.3114187257684084,0.28,0.05333333333333329,4.440892098500626e-16,0.0,0.0006461565305906767,0.7616389359759996,0.5417836648557102,0.37981607902992814,0.6219216033584927,0.2863822139933782,0.12758055834733903,0.19199600765833552,0.1868699770354957,2.041387645301462,0.5929394977661525,0.0,0.3333333333333333,4.440892098500626e-16,0.0,9.494365807661599e-07,0.8025749946273657,0.6279506586812508,0.32612359212664593,0.5684378515352979,0.1985936503393953,0.10277971891850948,0.09500886192630306,0.2010242450494105,2.2161737721764316,0.7264236500570846,0.0,0.3333333333333333,6.661338147750939e-16,0.0,7.43340508703511e-06,0.8065529129145285,0.6135158365139586,0.32200410129896384,0.5750700626057628,0.18929587071119455,0.09971216309645067,0.0838985832545972,0.19982432790125676,2.269925476946738,0.7572977150293689,0.05,0.2833333333333333,4.440892098500626e-16,0.0,1.3272145292255673e-05,0.734978284181435,0.7133343390080792,0.42173925756066727,0.47118924207349394,0.12131188265456448,0.15778390621768454,0.03393629052017498,0.2702027528366628,3.0306965028852253,0.3365232070573892,0.28,0.05333333333333329,4.440892098500626e-16,0.0,0.0020761126490497525,0.8057095709859506,0.6105453369889696,0.3224918495408405,0.5829804740363662,0.19175838012539267,0.10276086692901676,0.08810078238533701,0.20088037954169655,2.3397656013586663,0.7264236500570846,0.0,0.3333333333333333,6.661338147750939e-16,0.0,4.14797875420109e-06,0.8209755461069235,0.6582592025074957,0.28483446603989465,0.4773867823639164,0.1923352930435814,0.09554266762272685,0.10281734275604602,0.14803872802743065,1.8911574192340534,0.6413195400946623,0.0,0.3333333333333333,4.440892098500626e-16,0.0,5.703380103243628e-06,0.8218045165618528,0.6734433843321604,0.2848337613646529,0.4699405722445274,0.1920929246157157,0.09023746857290542,0.10624345135804639,0.1388572353719903,1.8728948582448253,0.6860486320265361,0.05,0.2833333333333333,2.220446049250313e-16,0.0,3.3080791434146827e-06,0.7542578669732903,0.6860814144393396,0.37369088005236206,0.44614014754719283,0.1611414531361011,0.035973406125332764,0.10314733014135968,0.1493617405049841,3.2173365352615426,0.36764936535117304,0.28,0.05333333333333329,2.220446049250313e-16,0.0,0.001778362210924155,0.8214483353390127,0.6572298393932453,0.284706079204325,0.4797694884244041,0.19415792799401527,0.09084541857355052,0.10656339694018264,0.1426225687417796,1.9853986859836419,0.6413195400946623,0.0,0.3333333333333333,6.661338147750939e-16,0.0,6.451037295173136e-07
9,qsnn,103.29264559992589,128,92,540,0.8433927953108047,0.7113752707243499,0.2811182600782645,0.43134451795954243,0.17993664415154714,0.05750362265238249,0.061001103908422456,0.14749552217947504,1.9747982943482747,0.7406765196709116,0.0,0.3333333333333333,4.440892098500626e-16,0.0,0.00011340472856555945,0.844355476902891,0.7038261455391223,0.2845723057220163,0.4231559543707497,0.1825485413499473,0.059251933911120123,0.06258156754264481,0.14193319588904701,1.9935203653402214,0.7026224811000644,0.05,0.2833333333333333,4.440892098500626e-16,0.0,8.461151679793411e-07,0.782229141027404,0.7445402783810213,0.3957082489830391,0.41007988186605293,0.2946602538137148,0.10466424544417141,0.13399062612818094,0.14650964100481026,2.580472662337186,0.291013023393942,0.28,0.05333333333333329,4.440892098500626e-16,0.0,0.004861222606790981,0.844289335730135,0.7004350051128381,0.2835274992361887,0.43134451795954243,0.1817505147512853,0.05912077220018343,0.06211430945779585,0.1420998128355187,2.096732301651814,0.7406765196709116,0.0,0.3333333333333333,6.661338147750939e-16,0.0,8.461151679793411e-07,0.8497051053853137,0.7485439367818062,0.28895573509010863,0.4150397072485519,0.12044568021644929,0.05522792728359285,0.03296013555721101,0.13347286116634696,2.261317062646808,0.7920751547636089,0.3,0.033333333333333326,6.661338147750939e-16,0.0,0.0004334843604434865,0.8483027307098995,0.7605805532664796,0.2927076731552803,0.4020324543807462,0.11910928864950335,0.04838133660493849,0.03669722523278826,0.13198129768370853,2.312152012507668,0.7721570488649443,0.25,0.08333333333333331,4.440892098500626e-16,0.0,0.0002068712594767777,0.785895354818676,0.7574654496429324,0.3674174260917561,0.4150397072485519,0.23118495523357738,0.062059764584617934,0.08995854839211859,0.11847500996310202,3.1160597386471385,0.3458954226838709,0.28,0.05333333333333329,4.440892098500626e-16,0.0,0.001726238419330905,0.8486470631197727,0.7473571091688767,0.2921764049730866,0.4177580257383728,0.11986684116536855,0.05149217966297521,0.035557828106693105,0.131574301873888,2.4236175243520197,0.7920751547636089,0.25,0.08333333333333331,6.661338147750939e-16,0.0,4.9187450155739956e-05,0.8546535531298354,0.6872134570876707,0.23636423591256586,0.41370436873053557,0.17129330112349175,0.08848096684788274,0.08775251482436319,0.15725847783382726,1.8706567883037046,0.8505921300006787,0.0,0.3333333333333333,4.440892098500626e-16,0.0,4.244661577617097e-05,0.8555677745777688,0.6606930963800229,0.2356430328548754,0.4227982108699796,0.1748833790284309,0.09139971463441741,0.09260946805983067,0.1588879943593508,1.9459800503809421,0.8124727284469663,0.05,0.2833333333333333,2.220446049250313e-16,0.0,0.00012179605655000918,0.8280102480334579,0.8133213624042431,0.2757694269064188,0.3304008096135843,0.23174117492259647,0.17254828215090082,0.1835625129303413,0.239057330112817,2.656527985973728,0.2928552126133727,0.28,0.05333333333333329,2.220446049250313e-16,0.0,0.0021736450780991405,0.8558827853675584,0.6583929544737265,0.2355332283496078,0.4227982108699796,0.17376632723928165,0.09054793409605083,0.09151116986244981,0.15777623944703503,1.996599936208972,0.8505921300006787,0.0,0.3333333333333333,6.661338147750939e-16,0.0,7.806420933223073e-06
9,vqc,159.25566700007766,128,96,550,0.8266762310862458,0.6439257629069027,0.3099344991777807,0.5016502188156944,0.17419128838920994,0.06556018027387651,0.05884553972542764,0.135495324854019,2.314643697465981,0.8081761709624877,0.0,0.3333333333333333,4.440892098500626e-16,0.0,0.00010432828685096825,0.828612258140754,0.6587935554999598,0.30965238667682987,0.484336774009667,0.1732793032089674,0.06692387422379258,0.05596597818277552,0.1368211071678669,2.3471040981421942,0.8153899689052978,0.05,0.2833333333333333,3.3306690738754696e-16,0.0,0.00037671013287613543,0.8122616310778817,0.8015987429112154,0.3761779507915498,0.3862793355470817,0.15446739490415312,0.07939272596127409,0.004051991787035295,0.17195426249298204,2.617497012599513,0.27937558041083443,0.3333333333333333,0.0,2.220446049250313e-16,0.0,0.008075518882385956,0.8284927267932689,0.617673157134929,0.3085984461979895,0.5098737716339636,0.17256624344545757,0.06733860473989539,0.05595738962318693,0.13618258001710473,2.4586870745562637,0.8081761709624877,0.0,0.3333333333333333,4.440892098500626e-16,0.0,9.517612407570696e-05,0.8267121188322076,0.6766487795806314,0.30358996884240297,0.433720623204571,0.16232762352879987,0.06376886698126402,0.04437637251054102,0.1088648898630748,2.2164455105796734,0.7308202735158071,0.1,0.2333333333333333,4.440892098500626e-16,0.0,0.0003620925181197966,0.8324812836895308,0.7043227407477,0.3019698536335557,0.42639246828336647,0.16002326913134632,0.05907021888078261,0.043835299720719055,0.10494748804093086,2.212106590682329,0.7734207022442605,0.05,0.2833333333333333,4.440892098500626e-16,0.0,3.6853963929449025e-05,0.8049569385758837,0.7991798107910653,0.3759615403370344,0.38973437002439704,0.17953385807723016,0.039181696132723376,0.031822454807741915,0.102828389322271,2.3106015428203825,0.24473959383876484,0.32,0.013333333333333308,4.440892098500626e-16,0.0,0.005535902099690669,0.8312112671760155,0.6766487795806314,0.3020417038099982,0.433720623204571,0.16099350954758218,0.05986179000625516,0.04453209208925839,0.1050378021301165,2.3646378094159144,0.7308202735158071,0.01,0.3233333333333333,4.440892098500626e-16,0.0,3.863135960165304e-06,0.8451101535533606,0.683710796962919,0.27635606317116607,0.45316838519501657,0.18446824479868945,0.06686028831433916,0.07731841979437422,0.10965846820547,1.995706072510433,0.8359523024682409,0.0,0.3333333333333333,4.440892098500626e-16,0.0,0.00014554472173827012,0.8503794201783504,0.7439475848639778,0.27367223457661066,0.4252804218969556,0.18442583999732554,0.0660391666605389,0.0771869895432585,0.106673301408523,2.0060514308594755,0.7905770405028557,0.05,0.2833333333333333,4.440892098500626e-16,0.0,4.882393965028304e-05,0.7953319823657397,0.781634503986298,0.35676384038516545,0.37769633001554126,0.2661178663427981,0.12438456896318062,0.13622592449338372,0.1676961974844921,2.001973181849412,0.21673077401077126,0.28,0.05333333333333329,4.440892098500626e-16,0.0,0.00046507686743269477,0.8491390855651444,0.6820232344904609,0.274273952733288,0.4548918580781435,0.184754924802255,0.0676498554381595,0.07815624996420842,0.1073846532830225,2.111921411975153,0.8359523024682409,0.0,0.3333333333333333,4.440892098500626e-16,0.0,4.6603232734284306e-05
