sample_id,x,y,label,split
0,0.465267975102,-0.611979075845,1,train
1,0.213536580236,0.807023414630,1,train
2,-0.372485783736,0.040135455531,0,train
3,0.149148603458,-0.274584574038,0,train
4,0.476169894517,0.751190349742,1,train
5,0.064843073962,-0.713801524933,1,train
6,-0.168213869898,-0.365050431731,0,train
7,-0.056026757177,-0.262918757377,0,train
8,-0.120285737882,-0.327207395351,0,train
9,0.080394580382,0.766177550440,1,train
10,0.391175896259,0.037198927769,0,train
11,-0.282574792976,0.726646142867,1,train
12,0.191205387760,0.301533684100,0,train
13,0.291399925043,-0.192357213618,0,train
14,-0.239740123612,-0.005582351295,0,train
15,0.203085193713,-0.378781060695,0,train
16,0.680039178865,0.415896589981,1,train
17,0.294517459857,-0.841268030503,1,train
18,0.469995704271,-0.635562493030,1,train
19,0.849969359209,0.083820168094,1,train
20,0.277086559540,0.695512861247,1,train
21,-0.156613472687,-0.225374081746,0,train
22,-0.115147643324,0.895436720055,1,train
23,-0.198964190205,0.776972010568,1,train
24,0.228593615572,-0.329175023716,0,train
25,-0.501568619051,-0.564778345860,1,train
26,-0.748402070837,0.246589309852,1,train
27,-0.699612509683,-0.121757825187,1,train
28,-0.768653505040,-0.417910128626,1,train
29,-0.088841573264,0.328573212257,0,train
30,-0.676675792003,0.295619357910,1,train
31,0.328656140576,-0.143872404730,0,train
32,0.349158146385,-0.108911082122,0,train
33,0.729495824728,0.270844817423,1,train
34,0.167900837602,0.181381695991,0,train
35,-0.089006171243,0.268740438442,0,train
36,-0.782574375183,0.225681352442,1,train
37,-0.016127964023,0.772128881179,1,train
38,-0.514988759704,0.740550076527,1,train
39,0.234157817420,0.026920081288,0,train
40,-0.321863427259,-0.606245355095,1,train
41,0.344063029118,0.238156497999,0,train
42,0.348049678918,0.081224279759,0,train
43,0.019259653322,0.401952067956,0,train
44,-0.078246103529,-0.337700695969,0,train
45,-0.423818824346,0.589953833189,1,train
46,-0.007008957222,-0.290451572856,0,train
47,-0.317292666956,-0.036392824983,0,train
48,-0.692410294480,0.553820245926,1,train
49,0.376285828391,0.165394999285,0,train
50,-0.314690598283,0.704671013373,1,train
51,-0.151271754630,-0.752936290963,1,train
52,0.325729454570,0.138179092280,0,train
53,-0.435833789658,0.256931761385,0,train
54,0.109752305192,0.351089274827,0,train
55,0.427520931071,-0.076799487425,0,train
56,0.325163318833,-0.664512824540,1,train
57,-0.212661764023,-0.894079428769,1,train
58,0.210293306883,-0.211767509929,0,train
59,-0.650938216449,0.481515287192,1,train
60,-0.606848344158,0.546895985850,1,train
61,-0.317681600151,0.067269566244,0,train
62,0.148190823094,-0.282728732211,0,train
63,0.558302049240,0.567262307216,1,train
64,-0.103235709091,0.308124672819,0,train
65,0.494939382511,0.648760409637,1,train
66,-0.696109883850,0.262013632998,1,train
67,-0.642499034261,-0.344640061496,1,train
68,0.681400100980,0.397834056425,1,train
69,0.564441695360,0.482836220124,1,train
70,-0.006818020654,-0.233463992485,0,train
71,0.346187168998,-0.139513686937,0,train
72,0.353976547128,0.167030723279,0,train
73,-0.704360830728,0.116562094728,1,train
74,-0.749114435509,0.238876871765,1,train
75,0.281077344213,0.234316208581,0,train
76,-0.446785207777,-0.768958634971,1,train
77,0.257626762059,-0.261880156706,0,train
78,0.858637147971,-0.032562741055,1,train
79,0.079511420795,-0.380647956929,0,train
80,0.474657836421,-0.579607376675,1,train
81,-0.170073940038,-0.192192797576,0,train
82,-0.039352468017,-0.857886759124,1,train
83,-0.345384044546,0.031251519863,0,train
84,-0.001715557594,-0.776512670581,1,train
85,0.207646744607,-0.184591539182,0,train
86,0.020032802919,-0.713592952772,1,train
87,0.319012454733,0.066721632228,0,train
88,-0.790180411594,0.090078253008,1,train
89,0.001904778172,0.372535625272,0,train
90,0.623000894224,0.625475441278,1,train
91,0.224384613821,0.285207815745,0,train
92,0.077850355568,-0.398795731118,0,train
93,0.800268141126,0.064617510503,1,train
94,-0.548853517528,-0.675965539444,1,train
95,0.782980079664,-0.335675188142,1,train
96,-0.856536042073,0.011423790198,1,test
97,0.212088054112,0.340853845503,0,test
98,0.152403619924,-0.299511443802,0,test
99,-0.230399451179,-0.229683625711,0,test
100,0.398285102627,-0.018919477243,0,test
101,-0.082899427713,0.213408620783,0,test
102,0.026990770202,-0.229057350053,0,test
103,0.294083323955,-0.062083513991,0,test
104,-0.133889804193,-0.363928862232,0,test
105,-0.188892259781,-0.373118562717,0,test
106,-0.885497757055,0.081129907834,1,test
107,-0.791636988226,-0.009927339252,1,test
108,0.717225534628,-0.112444379827,1,test
109,0.161714267012,-0.231651319165,0,test
110,-0.359205698934,-0.097207155640,0,test
111,-0.475005762154,-0.691980132905,1,test
112,0.731467801060,-0.286408025392,1,test
113,-0.148594854595,0.265160799208,0,test
114,-0.594682670695,0.497802998451,1,test
115,-0.279655383369,0.096729882106,0,test
116,0.132205020769,-0.248311519591,0,test
117,-0.685155897447,-0.359908775289,1,test
118,-0.144702132737,0.730717780041,1,test
119,0.315781322822,0.544533802999,1,test
120,-0.762377917688,-0.338088185205,1,test
121,0.160292885912,0.786930306315,1,test
122,0.289578533804,0.303152876851,0,test
123,0.622848641702,0.540192795739,1,test
124,0.229474224375,0.356403456623,0,test
125,-0.110091054907,-0.826551792505,1,test
126,-0.274794635613,-0.183461747216,0,test
127,-0.270410459518,0.003910210064,0,test
128,-0.246180557731,-0.245278849102,0,test
129,-0.102744598037,-0.305962518048,0,test
130,-0.861036387667,0.252113893839,1,test
131,-0.825648526373,0.153742242066,1,test
132,-0.239492879922,-0.432815524785,0,test
133,0.176593148795,0.882439443115,1,test
134,-0.359133874992,-0.677473909149,1,test
135,0.768828461226,-0.022755422335,1,test
136,0.008996793593,-0.412192116509,0,test
137,-0.337998353980,-0.762459594326,1,test
138,0.085273566473,-0.411630241890,0,test
139,-0.348690746991,-0.090224405771,0,test
140,0.089309187850,0.358825063440,0,test
141,0.141177135205,-0.831382019259,1,test
142,-0.418165397480,-0.172038954857,0,test
143,-0.410430069688,-0.719864305159,1,test
