angle_degrees,fixed_pauli_measurement,fixed_pauli_success,helstrom_success,noise_model,noise_strength,phase_degrees,qsnn_helstrom_gap,qsnn_min_povm_eigenvalue,qsnn_success,qsnn_success_1024_shots,qsnn_success_128_shots,qsnn_success_512_shots,qsnn_train_seconds,qsnn_weighted_leakage,seed,unitary_helstrom_gap,unitary_success
15.0,X:+->1,0.5516755200238513,0.5652630961100258,depolarizing,0.0,37.0,0.00027234244952967224,0.0002495646141545272,0.5649907536604961,0.564453125,0.6015625,0.57421875,0.3215862999204546,0.00025179918628753795,0,3.064215547965432e-14,0.5652630961099951
15.0,X:+->1,0.5516755200238513,0.5652630961100258,depolarizing,0.0,37.0,0.00027391874621751633,0.0002494807897125226,0.5649891773638083,0.56787109375,0.5703125,0.5625,0.3333060999866575,0.00025163557007712445,1,2.220446049250313e-15,0.5652630961100236
15.0,X:+->1,0.5516755200238513,0.5652630961100258,depolarizing,0.0,37.0,0.0002715292177973838,0.0002495871683144569,0.5649915668922284,0.57568359375,0.55078125,0.5732421875,0.33286069985479116,0.0002518822489537831,2,1.7763568394002505e-14,0.565263096110008
15.0,X:+->1,0.5516755200238513,0.5652630961100258,depolarizing,0.0,37.0,0.000302317654392259,0.0002499781485566406,0.5649607784556335,0.5830078125,0.59375,0.544921875,0.3226908999495208,0.00025257770520581424,3,3.68594044175552e-14,0.5652630961099889
15.0,X:+->1,0.5516755200238513,0.5652630961100258,depolarizing,0.0,37.0,0.0002739076297966214,0.0002494834923893946,0.5649891884802292,0.5380859375,0.578125,0.5458984375,0.31762879993766546,0.0002516486590447564,4,1.2878587085651816e-14,0.5652630961100129
15.0,X:+->1,0.5490917440226588,0.5619999413045245,depolarizing,0.05,37.0,0.0002655064396708262,0.0002505648506560786,0.5617344348648536,0.552734375,0.6015625,0.572265625,0.316841599997133,0.00025265500742976954,0,2.3092638912203256e-14,0.5619999413045014
15.0,X:+->1,0.5490917440226588,0.5619999413045245,depolarizing,0.05,37.0,0.0002670258239708678,0.00025056746797762685,0.5617329154805536,0.564453125,0.5703125,0.560546875,0.3199472001288086,0.00025254609288749563,1,4.551914400963142e-15,0.5619999413045199
15.0,X:+->1,0.5490917440226588,0.5619999413045245,depolarizing,0.05,37.0,0.0002647263967130442,0.00025056263852566465,0.5617352149078114,0.572265625,0.55078125,0.5712890625,0.3266927998047322,0.0002527193829805485,2,2.2870594307278225e-14,0.5619999413045016
15.0,X:+->1,0.5490917440226588,0.5619999413045245,depolarizing,0.05,37.0,0.0002938617387546749,0.0002505652549687827,0.5617060795657698,0.57958984375,0.59375,0.54296875,0.32059499993920326,0.0002531784019677019,3,4.7406523151494184e-14,0.5619999413044771
15.0,X:+->1,0.5490917440226588,0.5619999413045245,depolarizing,0.05,37.0,0.0002670143308867168,0.00025056792436205954,0.5617329269736377,0.56103515625,0.578125,0.5439453125,0.31819000001996756,0.0002525568442787729,4,1.3988810110276972e-14,0.5619999413045105
15.0,X:+->1,0.5465079680214663,0.5587367864990233,depolarizing,0.1,37.0,0.0002586961956341227,0.00025166813664801325,0.5584780903033891,0.5576171875,0.6015625,0.568359375,0.3180264001712203,0.00025357654385643746,0,1.8318679906315083e-14,0.5587367864990049
15.0,X:+->1,0.5465079680214663,0.5587367864990233,depolarizing,0.1,37.0,0.00026013878515751543,0.00025167116726668967,0.5584766477138657,0.56103515625,0.5546875,0.556640625,0.3221187999006361,0.000253478431228471,1,9.43689570931383e-15,0.5587367864990138
15.0,X:+->1,0.5465079680214663,0.5587367864990233,depolarizing,0.1,37.0,0.0002579555619682816,0.0002516660405171706,0.558478830937055,0.56884765625,0.55078125,0.5673828125,0.32822120003402233,0.000253634896888455,2,3.0753177782116836e-14,0.5587367864989925
15.0,X:+->1,0.5465079680214663,0.5587367864990233,depolarizing,0.1,37.0,0.00028554694383520207,0.0002516700818103751,0.558451239555188,0.576171875,0.59375,0.5390625,0.31825120002031326,0.0002540530649964845,3,5.784261958297066e-14,0.5587367864989654
15.0,X:+->1,0.5465079680214663,0.5587367864990233,depolarizing,0.1,37.0,0.00026012744596803916,0.00025167133300397864,0.5584766590530552,0.5576171875,0.578125,0.5400390625,0.3265581000596285,0.0002534878987094369,4,1.765254609153999e-14,0.5587367864990056
15.0,X:+->1,0.5413404160190811,0.5522104768880206,depolarizing,0.2,37.0,0.0002450906704107858,0.0002539103459117288,0.5519653862176098,0.55126953125,0.59375,0.5625,0.32817340013571084,0.0002554793571759584,0,1.8984813721090177e-14,0.5522104768880016
15.0,X:+->1,0.5413404160190811,0.5522104768880206,depolarizing,0.2,37.0,0.00024637851044118086,0.0002539135681490712,0.5519640983775794,0.5546875,0.546875,0.55078125,0.32315560011193156,0.00025540111181049374,1,2.853273173286652e-14,0.5522104768879921
15.0,X:+->1,0.5413404160190811,0.5522104768880206,depolarizing,0.2,37.0,0.00024442928734724756,0.0002539083427036046,0.5519660476006734,0.5625,0.54296875,0.5615234375,0.3188897999934852,0.0002555263275073605,2,5.762057497804562e-14,0.552210476887963
15.0,X:+->1,0.5413404160190811,0.5522104768880206,depolarizing,0.2,37.0,0.0002689356572332935,0.0002539118791775121,0.5519415412307873,0.56982421875,0.5859375,0.533203125,0.3185344999656081,0.00025586565167379227,3,7.271960811294775e-14,0.5522104768879479
15.0,X:+->1,0.5413404160190811,0.5522104768880206,depolarizing,0.2,37.0,0.000246367755888266,0.00025391356977271033,0.5519641091321323,0.55126953125,0.5703125,0.5341796875,0.32953669992275536,0.0002554084202297524,4,3.0531133177191805e-14,0.5522104768879901
15.0,X:+->1,0.536172864016696,0.5456841672770181,depolarizing,0.3,37.0,0.00023150382037551154,0.00025619742226926025,0.5454526634566426,0.53662109375,0.5859375,0.5556640625,0.31884219986386597,0.00025746175158258833,0,3.8968828164342995e-14,0.5456841672769791
15.0,X:+->1,0.536172864016696,0.5456841672770181,depolarizing,0.3,37.0,0.00023263556904995486,0.0002562010243256592,0.5454515317079681,0.54833984375,0.5546875,0.54296875,0.3157351000700146,0.00025740144134761556,1,1.1546319456101628e-14,0.5456841672770065
15.0,X:+->1,0.536172864016696,0.5456841672770181,depolarizing,0.3,37.0,0.00023092234335142514,0.00025619524083296227,0.5454532449336666,0.55615234375,0.53515625,0.5537109375,0.3202857000287622,0.0002574982654560687,2,5.240252676230739e-14,0.5456841672769657
15.0,X:+->1,0.536172864016696,0.5456841672770181,depolarizing,0.3,37.0,0.0002523481452900711,0.00025619640908375205,0.545431819131728,0.5634765625,0.578125,0.525390625,0.3248322999570519,0.0002577646096478259,3,1.0824674490095276e-13,0.5456841672769098
15.0,X:+->1,0.536172864016696,0.5456841672770181,depolarizing,0.3,37.0,0.00023262561826775663,0.000256200951496766,0.5454515416587503,0.5185546875,0.5625,0.5263671875,0.31509330007247627,0.0002574069127343481,4,5.417888360170764e-14,0.5456841672769639
30.0,X:+->1,0.5998294387559117,0.6294095225512604,depolarizing,0.0,37.0,0.0004134145846463877,0.00022987487177568395,0.628996107966614,0.626953125,0.671875,0.6376953125,0.32240049983374774,0.00023190823737467836,0,1.2212453270876722e-15,0.6294095225512591
30.0,X:+->1,0.5998294387559117,0.6294095225512604,depolarizing,0.0,37.0,0.0004177715752807787,0.00022988252269463957,0.6289917509759796,0.630859375,0.625,0.6259765625,0.32224779995158315,0.0002318064423577626,1,8.881784197001252e-16,0.6294095225512595
30.0,X:+->1,0.5998294387559117,0.6294095225512604,depolarizing,0.0,37.0,0.0004108216218844385,0.0002298678402981948,0.6289987009293759,0.63916015625,0.62109375,0.6357421875,0.3168017999269068,0.00023196873775660487,2,2.1316282072803006e-14,0.629409522551239
30.0,X:+->1,0.5998294387559117,0.6294095225512604,depolarizing,0.0,37.0,0.000432056260418201,0.00022994801942116257,0.6289774662908422,0.64599609375,0.66015625,0.6103515625,0.32710180012509227,0.0002324600002026611,3,1.2212453270876722e-15,0.6294095225512591
30.0,X:+->1,0.5998294387559117,0.6294095225512604,depolarizing,0.0,37.0,0.00041746563483013865,0.00022988473968218892,0.6289920569164302,0.62744140625,0.6484375,0.6259765625,0.32007310003973544,0.00023181604774841214,4,2.55351295663786e-14,0.6294095225512348
30.0,X:+->1,0.5948379668181161,0.6229390464236974,depolarizing,0.05,37.0,0.0003995805531969987,0.00023170035290366966,0.6225394658705004,0.62109375,0.6640625,0.6318359375,0.3221678000409156,0.00023357437439885942,0,1.4432899320127035e-15,0.6229390464236959
30.0,X:+->1,0.5948379668181161,0.6229390464236974,depolarizing,0.05,37.0,0.0004037231048891199,0.0002317096341331841,0.6225353233188082,0.625,0.6171875,0.6201171875,0.32569169998168945,0.00023348273295298316,1,1.1102230246251565e-16,0.6229390464236972
30.0,X:+->1,0.5948379668181161,0.6229390464236974,depolarizing,0.05,37.0,0.000397115527447256,0.00023169291598002702,0.6225419308962501,0.63330078125,0.61328125,0.6298828125,0.3145212000235915,0.00023362924015851716,2,2.5868196473766147e-14,0.6229390464236715
30.0,X:+->1,0.5948379668181161,0.6229390464236974,depolarizing,0.05,37.0,0.0004172771065852343,0.00023166779746321717,0.6225217693171121,0.64013671875,0.65234375,0.6044921875,0.320560900028795,0.00023403011285172415,3,3.4416913763379853e-15,0.6229390464236939
30.0,X:+->1,0.5948379668181161,0.6229390464236974,depolarizing,0.05,37.0,0.00040343194994374443,0.00023171104215197403,0.6225356144737536,0.62158203125,0.640625,0.6025390625,0.3228122000582516,0.00023349102426639678,4,2.6978419498391304e-14,0.6229390464236704
30.0,X:+->1,0.5898464948803205,0.6164685702961343,depolarizing,0.1,37.0,0.0003857486115341757,0.00023356082842114354,0.6160828216846002,0.6142578125,0.65625,0.6259765625,0.32694269996136427,0.00023527987263616268,0,2.886579864025407e-15,0.6164685702961314
30.0,X:+->1,0.5898464948803205,0.6164685702961343,depolarizing,0.1,37.0,0.0003896763017678939,0.00023357068520567714,0.6160788939943664,0.6181640625,0.609375,0.6142578125,0.340446500107646,0.00023519752093859037,1,1.1102230246251565e-16,0.6164685702961342
30.0,X:+->1,0.5898464948803205,0.6164685702961343,depolarizing,0.1,37.0,0.00038341164770017144,0.00023355349015800975,0.6160851586484342,0.62646484375,0.60546875,0.6240234375,0.31907379999756813,0.0002353295232658814,2,3.175237850427948e-14,0.6164685702961026
30.0,X:+->1,0.5898464948803205,0.6164685702961343,depolarizing,0.1,37.0,0.0004025017942248521,0.00023352935517429593,0.6160660685019095,0.63330078125,0.64453125,0.5986328125,0.328118700068444,0.00023569447421728507,3,6.439293542825908e-15,0.6164685702961279
30.0,X:+->1,0.5898464948803205,0.6164685702961343,depolarizing,0.1,37.0,0.0003894000489255145,0.0002335716312595262,0.6160791702472088,0.61474609375,0.6328125,0.5966796875,0.32650259998627007,0.00023520472160143413,4,2.986499936241671e-14,0.6164685702961045
30.0,X:+->1,0.5798635510047293,0.6035276180410083,depolarizing,0.2,37.0,0.00035808972489292934,0.00023738408831302217,0.6031695283161154,0.6015625,0.640625,0.6123046875,0.3414525000844151,0.00023881004797232652,0,8.659739592076221e-15,0.6035276180409996
30.0,X:+->1,0.5798635510047293,0.6035276180410083,depolarizing,0.2,37.0,0.0003615866517563404,0.00023739431022409127,0.603166031389252,0.60595703125,0.59375,0.6005859375,0.321043899981305,0.00023874478763508122,1,4.218847493575595e-15,0.6035276180410041
30.0,X:+->1,0.5798635510047293,0.6035276180410083,depolarizing,0.2,37.0,0.0003560092951988558,0.00023737704043417469,0.6031716087458094,0.61376953125,0.58984375,0.6103515625,0.32879349985159934,0.00023884987263900204,2,3.441691376337985e-14,0.6035276180409739
30.0,X:+->1,0.5798635510047293,0.6035276180410083,depolarizing,0.2,37.0,0.0003729573479731574,0.00023735376265050673,0.6031546606930351,0.62060546875,0.62890625,0.5849609375,0.3243855000473559,0.00023914596882007588,3,1.5765166949677223e-14,0.6035276180409925
30.0,X:+->1,0.5798635510047293,0.6035276180410083,depolarizing,0.2,37.0,0.0003613404266324949,0.0002373947420013539,0.6031662776143758,0.576171875,0.6171875,0.5849609375,0.31888709985651076,0.00023875017137930943,4,3.9968028886505635e-14,0.6035276180409683
30.0,X:+->1,0.5698806071291381,0.5905866657858823,depolarizing,0.3,37.0,0.000330436196856132,0.0002413465678733596,0.5902562295890261,0.5888671875,0.6328125,0.599609375,0.32682499988004565,0.00024250460314745315,0,4.884981308350689e-15,0.5905866657858774
30.0,X:+->1,0.5698806071291381,0.5905866657858823,depolarizing,0.3,37.0,0.00033350100047702114,0.00024135694714011135,0.5902531647854052,0.59326171875,0.5859375,0.5869140625,0.3276074000168592,0.0002424547358375606,1,1.3988810110276972e-14,0.5905866657858683
30.0,X:+->1,0.5698806071291381,0.5905866657858823,depolarizing,0.3,37.0,0.0003286129555355455,0.00024133967125517444,0.5902580528303467,0.60107421875,0.58203125,0.59765625,0.32181960018351674,0.00024253536765650452,2,3.219646771412954e-14,0.5905866657858501
30.0,X:+->1,0.5698806071291381,0.5905866657858823,depolarizing,0.3,37.0,0.0003434227487786323,0.00024131503343687057,0.5902432430371036,0.607421875,0.62109375,0.5712890625,0.32130479998886585,0.00024276692033109448,3,3.197442310920451e-14,0.5905866657858503
30.0,X:+->1,0.5698806071291381,0.5905866657858823,depolarizing,0.3,37.0,0.00033328502582041786,0.00024135708573171588,0.5902533807600618,0.58935546875,0.609375,0.5712890625,0.3223919998854399,0.00024245862978433674,4,3.430589146091734e-14,0.590586665785848
45.0,X:+->1,0.6411801462127045,0.6913417161825449,depolarizing,0.0,37.0,0.0005607619613064996,0.00021387456899358838,0.6907809542212384,0.68359375,0.73046875,0.69921875,0.3237989000044763,0.00021567105020642297,0,8.770761894538737e-15,0.6913417161825361
45.0,X:+->1,0.6411801462127045,0.6913417161825449,depolarizing,0.0,37.0,0.0005675789408382537,0.00021389807875581832,0.6907741372417067,0.693359375,0.6875,0.6884765625,0.3331188999582082,0.0002155925038522244,1,3.3306690738754696e-16,0.6913417161825446
45.0,X:+->1,0.6411801462127045,0.6913417161825449,depolarizing,0.0,37.0,0.0005566861796756362,0.0002138559014281327,0.6907850300028693,0.70068359375,0.67578125,0.69921875,0.3167842999100685,0.00021571754132621024,2,4.551914400963142e-15,0.6913417161825404
45.0,X:+->1,0.6411801462127045,0.6913417161825449,depolarizing,0.0,37.0,0.0005272160769435041,0.00021375507597693968,0.6908145001056014,0.70751953125,0.71484375,0.673828125,0.3328781998716295,0.00021607255899758204,3,4.9960036108132044e-15,0.6913417161825399
45.0,X:+->1,0.6411801462127045,0.6913417161825449,depolarizing,0.0,37.0,0.0005669095856470907,0.00021390170954255265,0.6907748065968978,0.68896484375,0.703125,0.6708984375,0.318780800094828,0.00021559993064762528,4,2.020605904817785e-14,0.6913417161825247
45.0,X:+->1,0.6341211389020692,0.6817746303734177,depolarizing,0.05,37.0,0.0005396062262976731,0.0002161967795391196,0.68123502414712,0.67822265625,0.71484375,0.6904296875,0.3235476000700146,0.000217856820547091,0,6.661338147750939e-15,0.681774630373411
45.0,X:+->1,0.6341211389020692,0.6817746303734177,depolarizing,0.05,37.0,0.0005460856686784199,0.0002162206470309648,0.6812285447047393,0.68359375,0.671875,0.677734375,0.3304411000572145,0.00021778624216550746,1,3.3306690738754696e-16,0.6817746303734173
45.0,X:+->1,0.6341211389020692,0.6817746303734177,depolarizing,0.05,37.0,0.0005357325145159963,0.0002161785770973788,0.6812388978589017,0.69091796875,0.66015625,0.689453125,0.32993289991281927,0.0002178989388076924,2,3.6637359812630166e-15,0.681774630373414
45.0,X:+->1,0.6341211389020692,0.6817746303734177,depolarizing,0.05,37.0,0.0005077245811718756,0.0002160788783965863,0.6812669057922458,0.69775390625,0.703125,0.6630859375,0.3203836001921445,0.0002182214481205591,3,7.438494264988549e-15,0.6817746303734102
45.0,X:+->1,0.6341211389020692,0.6817746303734177,depolarizing,0.05,37.0,0.000545449279194532,0.00021622344855001547,0.6812291810942231,0.67919921875,0.6875,0.6611328125,0.33235549996607006,0.00021779260184717764,4,1.8762769116165146e-14,0.6817746303733989
45.0,X:+->1,0.6270621315914341,0.6722075445642904,depolarizing,0.1,37.0,0.0005184490235579098,0.0002185758438630673,0.6716890955407325,0.6689453125,0.70703125,0.6806640625,0.32182900002226233,0.00022010293830793115,0,4.9960036108132044e-15,0.6722075445642854
45.0,X:+->1,0.6270621315914341,0.6722075445642904,depolarizing,0.1,37.0,0.0005245905321947797,0.00021859964113171292,0.6716829540320957,0.673828125,0.6640625,0.669921875,0.32220449997112155,0.00022003985844026852,1,7.771561172376096e-16,0.6722075445642897
45.0,X:+->1,0.6270621315914341,0.6722075445642904,depolarizing,0.1,37.0,0.0005147775499764196,0.00021855826232071047,0.671692767014314,0.68115234375,0.65234375,0.6796875,0.32046220009215176,0.00022014088488853112,2,3.3306690738754696e-15,0.6722075445642871
45.0,X:+->1,0.6270621315914341,0.6722075445642904,depolarizing,0.1,37.0,0.0004882323319390647,0.00021846159592540885,0.6717193122323514,0.68798828125,0.6953125,0.6533203125,0.32228390011005104,0.00022043266086513302,3,1.0658141036401503e-14,0.6722075445642798
45.0,X:+->1,0.6270621315914341,0.6722075445642904,depolarizing,0.1,37.0,0.0005239872020360581,0.00021860179274503107,0.6716835573622544,0.66943359375,0.6796875,0.6513671875,0.3224716999102384,0.0002200452810149911,4,1.8096635301390052e-14,0.6722075445642723
45.0,X:+->1,0.6129441169701636,0.653073372946036,depolarizing,0.2,37.0,0.0004761286293158973,0.00022351047846149222,0.6525972443167201,0.64990234375,0.69140625,0.6611328125,0.31461620004847646,0.00022478397843955777,0,3.3306690738754696e-15,0.6530733729460326
45.0,X:+->1,0.6129441169701636,0.653073372946036,depolarizing,0.2,37.0,0.000481593178806361,0.00022353344289961346,0.6525917797672296,0.65478515625,0.6484375,0.650390625,0.3193345000036061,0.00022473471410477952,1,2.7755575615628914e-15,0.6530733729460332
45.0,X:+->1,0.6129441169701636,0.653073372946036,depolarizing,0.2,37.0,0.0004728621126064425,0.00022349426724325847,0.6526005108334295,0.662109375,0.63671875,0.66015625,0.32554470002651215,0.000224814073271129,2,5.662137425588298e-15,0.6530733729460303
45.0,X:+->1,0.6129441169701636,0.653073372946036,depolarizing,0.2,37.0,0.0004492448299066032,0.0002234041238431722,0.6526241281161294,0.66943359375,0.6796875,0.6337890625,0.32669440004974604,0.00022504745348617128,3,1.709743457922741e-14,0.6530733729460189
45.0,X:+->1,0.6129441169701636,0.653073372946036,depolarizing,0.2,37.0,0.0004810561953063619,0.00022353465338739205,0.6525923167507296,0.6259765625,0.6640625,0.6318359375,0.32342670019716024,0.00022473856399729542,4,1.965094753586527e-14,0.6530733729460163
45.0,X:+->1,0.5988261023488931,0.6339392013277814,depolarizing,0.3,37.0,0.00043379770117479843,0.00022869277214777314,0.6335054036266066,0.630859375,0.671875,0.642578125,0.31908300006762147,0.0002297313255601452,0,1.5543122344752192e-15,0.6339392013277798
45.0,X:+->1,0.5988261023488931,0.6339392013277814,depolarizing,0.3,37.0,0.00043858389672535303,0.0002287144316743804,0.633500617431056,0.6357421875,0.63671875,0.630859375,0.3225680000614375,0.0002296943943256302,1,0.0,0.6339392013277814
45.0,X:+->1,0.5988261023488931,0.6339392013277814,depolarizing,0.3,37.0,0.00043093682031125624,0.0002286779435320712,0.6335082645074701,0.64306640625,0.62109375,0.6435546875,0.3244308999273926,0.0002297542316797574,2,1.3100631690576847e-14,0.6339392013277683
45.0,X:+->1,0.5988261023488931,0.6339392013277814,depolarizing,0.3,37.0,0.0004102517379582782,0.00022859345009040312,0.6335289495898231,0.650390625,0.66015625,0.615234375,0.32319179992191494,0.0002299332347494576,3,2.2870594307278225e-14,0.6339392013277585
45.0,X:+->1,0.5988261023488931,0.6339392013277814,depolarizing,0.3,37.0,0.00043811350597888765,0.00022871501222045332,0.6335010878218025,0.6318359375,0.6484375,0.630859375,0.3296505999751389,0.00022969699549180156,4,2.2426505097428162e-14,0.6339392013277589
60.0,X:+->1,0.6729096600163245,0.75,depolarizing,0.0,37.0,0.0007104962038961826,0.00020089777369724634,0.7492895037961038,0.7412109375,0.76171875,0.755859375,0.3418597001582384,0.00020243535025465942,0,5.995204332975845e-15,0.749999999999994
60.0,X:+->1,0.6729096600163245,0.75,depolarizing,0.0,37.0,0.0007191009742245624,0.0002009460245024336,0.7492808990257754,0.7509765625,0.7421875,0.74609375,0.3095421998295933,0.0002023837563364106,1,2.4424906541753444e-15,0.7499999999999976
60.0,X:+->1,0.6729096600163245,0.75,depolarizing,0.0,37.0,0.0007053835503882944,0.00020086230373126066,0.7492946164496117,0.75830078125,0.72265625,0.755859375,0.31873539998196065,0.00020246482445496206,2,1.8984813721090177e-14,0.749999999999981
60.0,X:+->1,0.6729096600163245,0.75,depolarizing,0.0,37.0,0.0006618020945986514,0.00020064147278655458,0.7493381979054013,0.76416015625,0.76171875,0.7333984375,0.32702620001509786,0.00020270596954907738,3,3.6637359812630166e-14,0.7499999999999634
60.0,X:+->1,0.6729096600163245,0.75,depolarizing,0.0,37.0,0.0007180724135826821,0.00020095046014624804,0.7492819275864173,0.74658203125,0.75390625,0.7294921875,0.32019140012562275,0.00020238938910865922,4,9.992007221626409e-16,0.749999999999999
60.0,X:+->1,0.6642641770155082,0.7375,depolarizing,0.05,37.0,0.0006819013211074587,0.00020354677642105037,0.7368180986788926,0.72900390625,0.75390625,0.744140625,0.33329660003073514,0.00020496976912265374,0,7.438494264988549e-15,0.7374999999999926
60.0,X:+->1,0.6642641770155082,0.7375,depolarizing,0.05,37.0,0.0006900786402392889,0.00020359349828679566,0.7368099213597608,0.73876953125,0.734375,0.7333984375,0.3197985999286175,0.00020492379470932187,1,1.3322676295501878e-15,0.7374999999999987
60.0,X:+->1,0.6642641770155082,0.7375,depolarizing,0.05,37.0,0.0006770428903395409,0.0002035130062262835,0.7368229571096605,0.74560546875,0.71484375,0.7431640625,0.32787970011122525,0.00020499628454456742,2,1.532107773982716e-14,0.7374999999999847
60.0,X:+->1,0.6642641770155082,0.7375,depolarizing,0.05,37.0,0.0006356298519148984,0.00020330145471407902,0.7368643701480851,0.751953125,0.75390625,0.7216796875,0.33542210003361106,0.00020521399362516402,3,3.574918139293004e-14,0.7374999999999643
60.0,X:+->1,0.6642641770155082,0.7375,depolarizing,0.05,37.0,0.0006891010171831136,0.00020359705020786998,0.7368108989828169,0.734375,0.74609375,0.716796875,0.321278799790889,0.00020492853847808856,4,9.992007221626409e-16,0.737499999999999
60.0,X:+->1,0.6556186940146921,0.725,depolarizing,0.1,37.0,0.0006533016428066363,0.00020627402153095462,0.7243466983571933,0.720703125,0.73828125,0.732421875,0.3365478999912739,0.0002075850462870399,0,8.992806499463768e-15,0.724999999999991
60.0,X:+->1,0.6556186940146921,0.725,depolarizing,0.1,37.0,0.0006610511747339176,0.00020631898380067283,0.7243389488252661,0.72607421875,0.71875,0.720703125,0.3289832998998463,0.00020754438873571424,1,4.440892098500626e-16,0.7249999999999995
60.0,X:+->1,0.6556186940146921,0.725,depolarizing,0.1,37.0,0.0006486975804776973,0.00020624200646569322,0.7243513024195223,0.7333984375,0.69921875,0.7314453125,0.3239649999886751,0.00020760872404912423,2,1.1213252548714081e-14,0.7249999999999888
60.0,X:+->1,0.6556186940146921,0.725,depolarizing,0.1,37.0,0.0006094539210345085,0.00020604038264277359,0.7243905460789655,0.73974609375,0.73828125,0.7080078125,0.3181748001370579,0.0002078039422697131,3,3.5416114485542494e-14,0.7249999999999646
60.0,X:+->1,0.6556186940146921,0.725,depolarizing,0.1,37.0,0.0006601245724859872,0.00020632177711579915,0.724339875427514,0.7216796875,0.734375,0.7041015625,0.3126723999157548,0.00020754833546787754,4,1.1102230246251565e-15,0.7249999999999989
60.0,X:+->1,0.6383277280130595,0.7,depolarizing,0.2,37.0,0.0005960856600930597,0.00021197600490617248,0.6994039143399069,0.69580078125,0.73828125,0.70703125,0.3083511001896113,0.00021307219327543203,0,1.2878587085651816e-14,0.6999999999999871
60.0,X:+->1,0.6383277280130595,0.7,depolarizing,0.2,37.0,0.0006029786589392128,0.00021201697857972754,0.6993970213410607,0.701171875,0.6953125,0.6962890625,0.3398245999123901,0.00021304129987781417,1,4.440892098500626e-16,0.6999999999999995
60.0,X:+->1,0.6383277280130595,0.7,depolarizing,0.2,37.0,0.0005919907644531541,0.00021194756702288097,0.6994080092355468,0.70849609375,0.68359375,0.70703125,0.3190969000570476,0.00021309055010831912,2,5.218048215738236e-15,0.6999999999999947
60.0,X:+->1,0.6383277280130595,0.7,depolarizing,0.2,37.0,0.0005570887547921011,0.00021176626291740156,0.6994429112452079,0.71484375,0.72265625,0.681640625,0.31685469998046756,0.00021324321836063698,3,3.6637359812630166e-14,0.6999999999999633
60.0,X:+->1,0.6383277280130595,0.7,depolarizing,0.2,37.0,0.0006021543204937085,0.00021201856814429397,0.6993978456795062,0.67333984375,0.7109375,0.6787109375,0.32667430001311004,0.00021304390274945462,4,3.9968028886505635e-15,0.699999999999996
60.0,X:+->1,0.6210367620114271,0.675,depolarizing,0.3,37.0,0.0005388435041686623,0.00021803169196462195,0.6744611564958314,0.671875,0.71484375,0.68359375,0.31749760010279715,0.00021892705976467308,0,8.43769498715119e-15,0.6749999999999916
60.0,X:+->1,0.6210367620114271,0.675,depolarizing,0.3,37.0,0.0005448787396147292,0.0002180682796986471,0.6744551212603853,0.6767578125,0.671875,0.671875,0.3177516001742333,0.00021890477105845907,1,2.6645352591003757e-15,0.6749999999999974
60.0,X:+->1,0.6210367620114271,0.675,depolarizing,0.3,37.0,0.0005352583552976631,0.00021800681715178027,0.6744647416447024,0.68408203125,0.66015625,0.6826171875,0.3137668000999838,0.00021894059177285374,2,2.220446049250313e-15,0.6749999999999978
60.0,X:+->1,0.6210367620114271,0.675,depolarizing,0.3,37.0,0.0005047020907151811,0.0002178455036811022,0.6744952979092849,0.69091796875,0.703125,0.6572265625,0.3195172999985516,0.00021905406283839746,3,3.097522238704187e-14,0.6749999999999691
60.0,X:+->1,0.6210367620114271,0.675,depolarizing,0.3,37.0,0.0005441569167619065,0.00021806899908304974,0.6744558430832381,0.67236328125,0.6875,0.6708984375,0.32012600009329617,0.00021890632319615522,4,1.0880185641326534e-14,0.6749999999999892
75.0,X:+->1,0.6928556662365557,0.8043807145043603,depolarizing,0.0,37.0,0.0008576955522109353,0.0001904862971102749,0.8035230189521494,0.8154296875,0.8125,0.8095703125,0.31324329995550215,0.00019172926416294311,0,4.773959005888173e-15,0.8043807145043556
75.0,X:+->1,0.6928556662365557,0.8043807145043603,depolarizing,0.0,37.0,0.0008672188203467934,0.00019056331744190917,0.8035134956840135,0.8046875,0.8125,0.80078125,0.32113609998486936,0.00019170552942715524,1,3.9968028886505635e-15,0.8043807145043563
75.0,X:+->1,0.6928556662365557,0.8043807145043603,depolarizing,0.0,37.0,0.0008520425517944963,0.00019043363297837395,0.8035286719525658,0.81103515625,0.77734375,0.8095703125,0.316185399889946,0.00019174123369863905,2,1.0547118733938987e-14,0.8043807145043498
75.0,X:+->1,0.6928556662365557,0.8043807145043603,depolarizing,0.0,37.0,0.0008003061452951377,0.00019006163724172455,0.8035804083590652,0.81640625,0.8359375,0.7900390625,0.31274289987049997,0.00019184822601991947,3,6.328271240363392e-15,0.804380714504354
75.0,X:+->1,0.6928556662365557,0.8043807145043603,depolarizing,0.0,37.0,0.0008658979787273813,0.0001905659395720517,0.803514816525633,0.7998046875,0.81640625,0.7822265625,0.3129941001534462,0.0001917090097431351,4,7.216449660063518e-15,0.8043807145043531
75.0,X:+->1,0.6832128829247279,0.7891616787791422,depolarizing,0.05,37.0,0.00082178386834586,0.00019334056070440472,0.7883398949107964,0.7802734375,0.80078125,0.7939453125,0.31862769997678697,0.00019449202453281078,0,4.6629367034256575e-15,0.7891616787791376
75.0,X:+->1,0.6832128829247279,0.7891616787791422,depolarizing,0.05,37.0,0.00083083282394536,0.0001934135780281941,0.7883308459551969,0.7900390625,0.796875,0.78515625,0.32164389989338815,0.00019447142133482975,1,4.440892098500626e-15,0.7891616787791378
75.0,X:+->1,0.6832128829247279,0.7891616787791422,depolarizing,0.05,37.0,0.0008164126570018304,0.00019329100319585962,0.7883452661221404,0.79638671875,0.76171875,0.7939453125,0.32659329986199737,0.00019450251146241326,2,1.199040866595169e-14,0.7891616787791302
75.0,X:+->1,0.6832128829247279,0.7891616787791422,depolarizing,0.05,37.0,0.0007672559807765378,0.0001929398368624958,0.7883944227983657,0.80224609375,0.8203125,0.7734375,0.3243567000608891,0.00019459692141382545,3,4.6629367034256575e-15,0.7891616787791376
75.0,X:+->1,0.6832128829247279,0.7891616787791422,depolarizing,0.05,37.0,0.0008295776106340691,0.00019341551362656162,0.7883321011685082,0.78515625,0.80078125,0.7666015625,0.32636409997940063,0.00019447424704338578,4,7.216449660063518e-15,0.789161678779135
75.0,X:+->1,0.6735700996129002,0.7739426430539242,depolarizing,0.1,37.0,0.0007858647574010558,0.00019629202183632418,0.7731567782965232,0.76513671875,0.78515625,0.779296875,0.3220422000158578,0.00019735383539343232,0,4.9960036108132044e-15,0.7739426430539192
75.0,X:+->1,0.6735700996129002,0.7739426430539242,depolarizing,0.1,37.0,0.000794439171089456,0.00019636094829719836,0.7731482038828348,0.7744140625,0.78125,0.7685546875,0.3187889000400901,0.0001973361793602968,1,4.884981308350689e-15,0.7739426430539194
75.0,X:+->1,0.6735700996129002,0.7739426430539242,depolarizing,0.1,37.0,0.0007807754292450397,0.00019624557536626055,0.7731618676246792,0.78076171875,0.74609375,0.779296875,0.3240291001275182,0.00019736290958516367,2,1.2989609388114332e-14,0.7739426430539113
75.0,X:+->1,0.6735700996129002,0.7739426430539242,depolarizing,0.1,37.0,0.0007341991723924801,0.0001959153370652659,0.7732084438815318,0.787109375,0.8046875,0.7578125,0.31370899989269674,0.00019744524857523427,3,3.552713678800501e-15,0.7739426430539207
75.0,X:+->1,0.6735700996129002,0.7739426430539242,depolarizing,0.1,37.0,0.0007932496540228318,0.0001963622825022594,0.7731493933999014,0.76953125,0.78515625,0.7509765625,0.31378279998898506,0.00019733841657898488,4,7.438494264988549e-15,0.7739426430539168
75.0,X:+->1,0.6542845329892446,0.7435045716034883,depolarizing,0.2,37.0,0.0007140012513253691,0.0002025058498595669,0.7427905703521629,0.73486328125,0.75390625,0.75,0.31858500000089407,0.00020339486026760278,0,6.994405055138486e-15,0.7435045716034813
75.0,X:+->1,0.6542845329892446,0.7435045716034883,depolarizing,0.2,37.0,0.000721625929592129,0.00020256643505633435,0.7427829456738961,0.74462890625,0.734375,0.740234375,0.31739920005202293,0.00020338255530299998,1,7.105427357601002e-15,0.7435045716034812
75.0,X:+->1,0.6542845329892446,0.7435045716034883,depolarizing,0.2,37.0,0.0007094759607926271,0.00020246556677589058,0.7427950956426956,0.75146484375,0.71484375,0.75,0.323114600032568,0.00020340131613783008,2,1.3433698597964394e-14,0.7435045716034748
75.0,X:+->1,0.6542845329892446,0.7435045716034883,depolarizing,0.2,37.0,0.0006680625887629521,0.00020217687141509976,0.7428365090147253,0.7578125,0.75390625,0.7275390625,0.32366280001588166,0.00020346101688528684,3,2.6645352591003757e-15,0.7435045716034856
75.0,X:+->1,0.6542845329892446,0.7435045716034883,depolarizing,0.2,37.0,0.000720567985354803,0.00020256680146624092,0.7427840036181335,0.740234375,0.75,0.7236328125,0.31327640009112656,0.00020338379672552032,4,9.992007221626409e-15,0.7435045716034783
75.0,X:+->1,0.634998966365589,0.7130665001530522,depolarizing,0.3,37.0,0.0006420984852429923,0.00020916997799193273,0.7124244016678092,0.708984375,0.72265625,0.720703125,0.32268400001339614,0.00020989640336838145,0,6.328271240363392e-15,0.7130665001530458
75.0,X:+->1,0.634998966365589,0.7130665001530522,depolarizing,0.3,37.0,0.000648772581141599,0.00020922215200672314,0.7124177275719106,0.71435546875,0.703125,0.7099609375,0.32689750008285046,0.00020988869400467847,1,8.770761894538737e-15,0.7130665001530434
75.0,X:+->1,0.634998966365589,0.7130665001530522,depolarizing,0.3,37.0,0.0006381375959355617,0.00020913569666644661,0.7124283625571166,0.7216796875,0.68359375,0.720703125,0.326603899942711,0.00020990054026170935,2,1.2434497875801753e-14,0.7130665001530397
75.0,X:+->1,0.634998966365589,0.7130665001530522,depolarizing,0.3,37.0,0.0006018899052969706,0.000208887467228023,0.7124646102477552,0.72802734375,0.72265625,0.6953125,0.3468373999930918,0.00020993976369504397,3,1.4432899320127035e-15,0.7130665001530507
75.0,X:+->1,0.634998966365589,0.7130665001530522,depolarizing,0.3,37.0,0.0006478464313647292,0.0002092218346499287,0.7124186537216874,0.7099609375,0.71875,0.6923828125,0.3181481999345124,0.00020988917605502255,4,1.5654144647214707e-14,0.7130665001530365
