seed,model,variant,target_score,separable_lower,separable_upper,separable_bound_gap,certification_converged,certification_evaluations,certified_margin,certified_detected,witness_expectation_target,normalized_margin,estimated_boundary,boundary_error,pauli_cosine,fake_fidelity,fake_trace_distance,fake_negativity,target_output_mass,fake_output_mass,linearity_error,observable_norm,witness_norm,candidate,target_p,best_epoch_instant,best_epoch_ema,best_normalized_validation_gap_instant,best_normalized_validation_gap_ema,seconds,generator_parameters,discriminator_parameters,primary
20,qsnn,best_ema,0.23320728898498058,0.10458958520421478,0.10508957896693902,0.0004999937617242295,1,82964,0.12811771001804156,1,-0.12811771001804156,0.2888007306432483,0.36590794452856457,0.03257461119523125,0.9933852576564927,0.8680188356688424,0.3307575549347962,0.0,0.8986001241319611,0.8873336291924989,2.220446049250313e-16,0.4522495240572527,0.4436197572377463,q0_m90_d2_g5,0.6,780,540,0.2603133060226125,0.3078238218346349,37.71006290009245,80,46,1
20,qsnn,final_ema,0.3201387552732795,0.08898859468549986,0.08948859389159622,0.0004999992050963575,1,214192,0.2306501613816833,1,-0.2306501613816833,0.29566659174209353,0.36572855619020056,0.032395222856867245,0.9943438177533666,0.843844606422633,0.3513625936619578,0.0,0.9340904908460892,0.9278560493233298,2.220446049250313e-16,0.7154299625411142,0.7801022091223505,q0_m90_d2_g5,0.6,780,540,0.2603133060226125,0.3078238218346349,37.71006290009245,80,46,0
20,vqc,best_ema,0.44686055293578475,0.12403605440388493,0.12453605155301943,0.0004999971481344928,1,168741,0.3223245013827653,1,-0.3223245013827653,0.30685958550077075,0.3648987289673608,0.03156539563402749,0.9949970794834552,0.9270279304692406,0.25006278508567337,0.0,1.0000000000000004,1.0000000000000004,1.6653345369377348e-16,0.9963174361885703,1.050397369392118,v0_d2_g5,0.6,940,940,0.30810527544423183,0.31814547626060546,52.90322270011529,80,48,1
20,vqc,final_ema,0.4420597799328497,0.1187601597618827,0.11926015930848416,0.0004999995456014539,1,135211,0.3227996206243655,1,-0.3227996206243655,0.30689280406091296,0.3673373732610443,0.034004039927711005,0.9961115986235547,0.9265950023259425,0.2501507153837863,0.0,1.0000000000000004,1.0000000000000004,1.1102230246251565e-16,0.9977628044275799,1.0518318329819663,v0_d2_g5,0.6,940,940,0.30810527544423183,0.31814547626060546,52.90322270011529,80,48,0
21,qsnn,best_ema,0.1515223775741065,0.07868739756468415,0.07918733037130742,0.0004999328056232571,1,39018,0.07233504720279908,1,-0.07233504720279908,0.3130265271954419,0.36047199952232983,0.02713866618899652,0.9967253965166257,0.8087571039514854,0.40658214476220034,0.0,0.8757572960454281,0.8690083692984969,2.7755575615628914e-16,0.2723661922516808,0.2310828026330044,q0_m90_d2_g5,0.6,1000,400,0.3133375083177801,0.3379560168991724,38.00915420008823,80,46,1
21,qsnn,final_ema,0.3019617812562757,0.14879761036517883,0.14929758995118872,0.0004999795850098854,1,50021,0.152664191305087,1,-0.152664191305087,0.1858098760378719,0.44498882477595725,0.11165549144262393,0.9846373493480219,0.7816750408597404,0.4335059313570602,0.0,0.9336138371538254,0.9299546941687215,1.1102230246251565e-16,0.702836676446218,0.8216150538412224,q0_m90_d2_g5,0.6,1000,400,0.3133375083177801,0.3379560168991724,38.00915420008823,80,46,0
21,vqc,best_ema,0.43083246897683336,0.07585646200049745,0.07660128860144619,0.0007448265999487336,0,399727,0.35423118037538714,1,-0.35423118037538714,0.3316204445699316,0.3492452938542633,0.01591196052092997,0.9964789022292271,0.9307245957202764,0.2369837439388192,0.0,1.0,1.0,1.1102230246251565e-16,0.9968531320978257,1.068182574915665,v0_d2_g5,0.6,960,840,0.34320279723881747,0.3367216572948641,52.543157499982044,80,48,1
21,vqc,final_ema,0.42208510114560926,0.09413646794609659,0.09463646553741953,0.0004999975903229315,1,135502,0.3274486356081897,1,-0.3274486356081897,0.3043689875458856,0.37247709288762426,0.03914375955429095,0.9971837501238948,0.9142472788295576,0.27988932021808094,0.0,0.9999999999999992,0.999999999999999,2.220446049250313e-16,0.9990174937402941,1.0758278569981599,v0_d2_g5,0.6,960,840,0.34320279723881747,0.3367216572948641,52.543157499982044,80,48,0
22,qsnn,best_ema,0.30921968945448464,0.07833855641895004,0.07883847754731801,0.0004999211273679638,1,81453,0.23038121190716662,1,-0.23038121190716662,0.31108051709688983,0.366708065536035,0.03337473220270171,0.9957525737221344,0.882258471844329,0.2978143316419538,0.0,0.9335708210622211,0.9275278346810318,2.7755575615628914e-16,0.7042900236822109,0.7405838657372797,q0_m90_d2_g5,0.6,520,980,0.240634550342212,0.3379331564478231,37.956124499905854,80,46,1
22,qsnn,final_ema,0.31057461425465555,0.0780980077028493,0.07859800604821279,0.0004999983443634837,1,91442,0.23197660820644275,1,-0.23197660820644275,0.3096438682599711,0.36732157432072043,0.03398824098738712,0.9956598816711114,0.8867786376279085,0.2898071749762372,0.0,0.9344129616907311,0.9283220159141791,2.220446049250313e-16,0.7096209099667867,0.7491722975495179,q0_m90_d2_g5,0.6,520,980,0.240634550342212,0.3379331564478231,37.956124499905854,80,46,0
22,vqc,best_ema,0.44879574754671187,0.1560447746821978,0.15654476754301613,0.0004999928598183323,1,116455,0.29225098000369576,1,-0.29225098000369576,0.3060829113574201,0.3663250633852489,0.03299173005191558,0.9921245494995091,0.9201093664372056,0.24411550613493702,0.0,1.0000000000000007,1.0000000000000004,1.1102230246251565e-16,0.9557501745596133,0.9548098543222086,v0_d2_g5,0.6,720,780,0.23038202538113747,0.32246095146454384,52.65147240017541,80,48,1
22,vqc,final_ema,0.43542671474973277,0.1767272766969737,0.17722714786181726,0.0004998711638435627,1,57509,0.2581995668879155,1,-0.2581995668879155,0.2326920662258378,0.40917968060871257,0.07584634727537926,0.9903269954632249,0.920315772363749,0.2463781558655797,0.0,1.0000000000000009,1.0000000000000009,4.440892098500626e-16,0.9786519791138533,1.1096191248623044,v0_d2_g5,0.6,720,780,0.23038202538113747,0.32246095146454384,52.65147240017541,80,48,0
23,qsnn,best_ema,0.31403426021634084,0.10300240382879089,0.10350238637412258,0.0004999825443316869,1,110586,0.21053187384221828,1,-0.21053187384221828,0.3107327741621573,0.36033652509647235,0.027003191763139034,0.9963441195690188,0.8264096121049829,0.3464111766728156,0.0,0.9250554202337958,0.9168923269029504,2.220446049250313e-16,0.6656855961478418,0.6775335315364941,q0_m90_d2_g5,0.6,680,880,0.3170057218578492,0.33338567184394613,38.01164659997448,80,46,1
23,qsnn,final_ema,0.3282273381076389,0.1632167848448365,0.16371678059001268,0.0004999957441761682,1,39016,0.1645105575176262,1,-0.1645105575176262,0.20846751718113102,0.4239412285064403,0.09060789517310697,0.9891785918966485,0.8471634747437443,0.34761419967537566,0.0,0.9303848740172354,0.9244821102888089,1.6653345369377348e-16,0.7041519089204655,0.7891424032967593,q0_m90_d2_g5,0.6,680,880,0.3170057218578492,0.33338567184394613,38.01164659997448,80,46,0
23,vqc,best_ema,0.425270244406374,0.06142061255785736,0.06220727831902267,0.0007866657601653115,0,399730,0.36306296608735134,1,-0.36306296608735134,0.3480232737619501,0.34625168368618364,0.012918350352850327,0.9982363144903207,0.9494868342501063,0.2100185581314447,0.0,0.9999999999999999,0.9999999999999999,2.220446049250313e-16,0.998042974340476,1.043214616547997,v0_d2_g5,0.6,1000,940,0.3301233270541845,0.35549425296809734,52.514404099900275,80,48,1
23,vqc,final_ema,0.4212570251362988,0.072511916179755,0.07301191245370586,0.0004999962729508589,1,263911,0.34824511268259295,1,-0.34824511268259295,0.3299120059441788,0.3581575239252084,0.024824190591875073,0.9980279348120433,0.93328403050706,0.240878568341524,0.0,1.0000000000000009,1.0000000000000009,3.3306690738754696e-16,0.9981127704228265,1.0555696864863904,v0_d2_g5,0.6,1000,940,0.3301233270541845,0.35549425296809734,52.514404099900275,80,48,0
24,qsnn,best_ema,0.28571520140708057,0.09584598226380023,0.09634597811634606,0.000499995851545823,1,135287,0.18936922329073452,1,-0.18936922329073452,0.32908114901776037,0.350907264851359,0.017573931518025665,0.9971784978387963,0.8533486051159574,0.29987061429618117,0.0,0.9155858444240725,0.9061170237479867,2.7755575615628914e-16,0.5898442335979018,0.5754484079564045,q0_m90_d2_g5,0.6,800,720,0.29174444893631835,0.3368304088433571,38.25979320006445,80,46,1
24,qsnn,final_ema,0.31934844101693505,0.12502493450574914,0.1255249279358657,0.000499993429116552,1,60326,0.19382351308106935,1,-0.19382351308106935,0.2490365344171432,0.3978717941921521,0.06453846085881876,0.9931610557506291,0.8207379139389467,0.33198669775618844,0.0,0.9322443662741846,0.9261968144368912,3.3306690738754696e-16,0.7046687196623517,0.7782934882815608,q0_m90_d2_g5,0.6,800,720,0.29174444893631835,0.3368304088433571,38.25979320006445,80,46,0
24,vqc,best_ema,0.43915094884896705,0.10497171794511706,0.10547171624850873,0.0004999983023916688,1,139492,0.3336792326004583,1,-0.3336792326004583,0.31872541014367023,0.36097205986248915,0.027638726529155833,0.9961918964340714,0.9030818342340443,0.2495944116656298,0.0,1.0000000000000007,1.0000000000000004,3.3306690738754696e-16,0.9996511415781909,1.0469175722451731,v0_d2_g5,0.6,900,980,0.3232449799595048,0.3366956915463549,52.73209449998103,80,48,1
24,vqc,final_ema,0.43723560051533733,0.10424989090623754,0.10474988185453427,0.000499990947296719,1,146739,0.33248571866080306,1,-0.33248571866080306,0.31739963323429365,0.3627038830386963,0.02937054970536296,0.9965500783755888,0.9010088807360259,0.25653937621387696,0.0,1.0,1.0,3.3306690738754696e-16,0.999773337574292,1.0475302547541805,v0_d2_g5,0.6,900,980,0.3232449799595048,0.3366956915463549,52.73209449998103,80,48,0
25,qsnn,best_ema,0.2572532866135669,0.09918084753799494,0.0996808435466118,0.0004999960076168541,1,102425,0.1575724430669551,1,-0.1575724430669551,0.3152686532353151,0.35856880720926027,0.02523547387592695,0.9951369843681447,0.8444806404095431,0.3745681366986528,0.0,0.9073343002925476,0.8981458513095804,1.1102230246251565e-16,0.5185763742089344,0.4998037116913863,q0_m90_d2_g5,0.6,980,600,0.3324627241740851,0.32376875825679957,38.22686839988455,80,46,1
25,qsnn,final_ema,0.3137120374330721,0.13872453178001384,0.1392245301335858,0.0004999983525719454,1,60325,0.17448750729948628,1,-0.17448750729948628,0.20875339567979118,0.42435143983980694,0.09101810650647363,0.9879783301236338,0.8505316408165587,0.37873532078813443,0.0,0.9349543736432149,0.9303976184514235,2.636779683484747e-16,0.715839725162961,0.8358547018182848,q0_m90_d2_g5,0.6,980,600,0.3324627241740851,0.32376875825679957,38.22686839988455,80,46,0
25,vqc,best_ema,0.48530784924675063,0.2164987113879253,0.21699870260099557,0.0004999912120702554,1,90805,0.26830914664575506,1,-0.26830914664575506,0.25219224459431877,0.3894910964488526,0.05615776311551929,0.9880351312429752,0.8878119877863394,0.30213762355063256,0.0,1.0000000000000004,1.0000000000000007,2.220446049250313e-16,0.9984267806385508,1.0639072072868943,v0_d2_g5,0.6,680,900,0.22439384075218438,0.28692867093041285,52.61558460001834,80,48,1
25,vqc,final_ema,0.47527831648568025,0.22179496036326912,0.22229495865757923,0.0004999982933100999,1,83658,0.252983357828101,1,-0.252983357828101,0.22511829221533355,0.40522396878625483,0.07189063545292151,0.9862341336234453,0.8756359747920948,0.3110733900910335,0.0,1.0000000000000007,1.0000000000000007,4.440892098500626e-16,0.9991761546380623,1.1237796597449021,v0_d2_g5,0.6,680,900,0.22439384075218438,0.28692867093041285,52.61558460001834,80,48,0
26,qsnn,best_ema,0.2591999267937158,0.11980063130299687,0.12030055208810173,0.0004999207841048514,1,71704,0.13889937470561406,1,-0.13889937470561406,0.3038826921663155,0.3640597112943416,0.0307263779610083,0.9957960552484383,0.8391503382311087,0.33527482568876815,0.0,0.9017860033148615,0.8921213678865736,2.220446049250313e-16,0.4948464030619874,0.4570822172050331,q0_m90_d2_g5,0.6,900,580,0.296167941614031,0.3112592854871293,38.248826099792495,80,46,1
26,qsnn,final_ema,0.32010358900022784,0.10019611330370656,0.10069609132858641,0.0004999780238798407,1,77011,0.21940749767164142,1,-0.21940749767164142,0.2900860801456362,0.3764041269558262,0.04307079362249289,0.9949559377861827,0.8594554827232527,0.32449711240513596,0.0,0.9334380488668163,0.9265738684143707,1.1102230246251565e-16,0.7133229247110409,0.7563530713417516,q0_m90_d2_g5,0.6,900,580,0.296167941614031,0.3112592854871293,38.248826099792495,80,46,0
26,vqc,best_ema,0.44195196262403214,0.09482354805422327,0.09532354657251184,0.0004999985172885607,1,317793,0.3466284160515203,1,-0.3466284160515203,0.3546968482792816,0.34902654971027824,0.01569321637694493,0.998982526763235,0.9514881613515754,0.20842217590906403,0.0,1.0000000000000007,1.0000000000000002,2.220446049250313e-16,0.9953640295451605,0.9772525967825674,v0_d2_g5,0.6,940,1000,0.3274697929848325,0.37310722455233963,52.51012700004503,80,48,1
26,vqc,final_ema,0.44195196262403214,0.09482354805422327,0.09532354657251184,0.0004999985172885607,1,317793,0.3466284160515203,1,-0.3466284160515203,0.3546968482792816,0.34902654971027824,0.01569321637694493,0.998982526763235,0.9514881613515754,0.20842217590906403,0.0,1.0000000000000007,1.0000000000000002,2.220446049250313e-16,0.9953640295451605,0.9772525967825674,v0_d2_g5,0.6,940,1000,0.3274697929848325,0.37310722455233963,52.51012700004503,80,48,0
27,qsnn,best_ema,0.24597783629077274,0.10199770247021211,0.10249770103956864,0.0004999985683565161,1,112411,0.14348013525120412,1,-0.14348013525120412,0.3012159472070724,0.3599800367987146,0.026646703465381283,0.9933209225613787,0.8790760750047775,0.2867546469287451,0.0,0.9033304736571955,0.8941217419551191,1.3877787807814457e-16,0.48534037106814737,0.47633645091362975,q0_m90_d2_g5,0.6,1000,560,0.2512565615374228,0.31708718459821483,38.077016999945045,80,46,1
27,qsnn,final_ema,0.31577438790765716,0.10644107727752239,0.10694106654248076,0.0004999892639583614,1,106953,0.2088333213651764,1,-0.2088333213651764,0.2594220839317203,0.3923923722457394,0.0590590389124061,0.9921265952174237,0.8176946755170142,0.3790062450970035,0.0,0.9355551275470766,0.9295765288765532,2.220446049250313e-16,0.720963981585269,0.8049943867544492,q0_m90_d2_g5,0.6,1000,560,0.2512565615374228,0.31708718459821483,38.077016999945045,80,46,0
27,vqc,best_ema,0.4220566843337371,0.07705408734276759,0.07755407960260119,0.0004999922588335981,1,279898,0.3445026047311359,1,-0.3445026047311359,0.32100369834356846,0.36070925758511535,0.027375924251782036,0.9969723010183617,0.879659646979134,0.2754668564473869,0.0,1.0000000000000004,1.0000000000000002,3.3306690738754696e-16,0.9996200961952508,1.073204472437002,v0_d2_g5,0.6,760,1000,0.3273578729347787,0.32829603830346793,53.14180230000056,80,48,1
27,vqc,final_ema,0.4220566843337371,0.07705408734276759,0.07755407960260119,0.0004999922588335981,1,279898,0.3445026047311359,1,-0.3445026047311359,0.32100369834356846,0.36070925758511535,0.027375924251782036,0.9969723010183617,0.879659646979134,0.2754668564473869,0.0,1.0000000000000004,1.0000000000000002,3.3306690738754696e-16,0.9996200961952508,1.073204472437002,v0_d2_g5,0.6,760,1000,0.3273578729347787,0.32829603830346793,53.14180230000056,80,48,0
28,qsnn,best_ema,0.30056517600016575,0.117954300045824,0.11845428854956683,0.0004999885027428264,1,55758,0.18211088745059892,1,-0.18211088745059892,0.2553057280720992,0.3889113595691982,0.055578026235864886,0.991918894443176,0.8564054315213626,0.3345986764423803,0.0,0.9231133978550783,0.917988391771195,2.220446049250313e-16,0.6466695609051261,0.7133051374357342,q0_m90_d2_g5,0.6,900,820,0.17522138247254118,0.29253620928303153,38.357109900098294,80,46,1
28,qsnn,final_ema,0.3202003052132445,0.11779171876866668,0.11829167117455677,0.0004999524048900916,1,72543,0.20190863403868772,1,-0.20190863403868772,0.2486220456807274,0.3915966087904373,0.05826327545710397,0.9914219336643747,0.8995944683002047,0.2851101121081611,0.0,0.9323741311899302,0.9272296863622544,3.3306690738754696e-16,0.7090044715726318,0.8121107421743783,q0_m90_d2_g5,0.6,900,820,0.17522138247254118,0.29253620928303153,38.357109900098294,80,46,0
28,vqc,best_ema,0.4310115702881129,0.09613028728184825,0.09663027495137684,0.000499987668528587,1,129243,0.33438129533673605,1,-0.33438129533673605,0.3146474255448757,0.36406374500082156,0.030730411667488244,0.9965531272007917,0.9389848231903212,0.2334064714113722,0.0,1.0,1.0000000000000002,1.6653345369377348e-16,0.9983898015667775,1.062717404274601,v0_d2_g5,0.6,860,880,0.3108263265934555,0.3310525561928648,53.20103790005669,80,48,1
28,vqc,final_ema,0.42301072028954345,0.10176117676815233,0.10226116073986564,0.0004999839707133108,1,95232,0.3207495595496778,1,-0.3207495595496778,0.2952272091421683,0.3766693937102671,0.04333606037693377,0.9960122162208287,0.9443325184927032,0.22181623223530653,0.0,0.9999999999999999,0.9999999999999997,1.1102230246251565e-16,0.9983392111746744,1.0864498583368007,v0_d2_g5,0.6,860,880,0.3108263265934555,0.3310525561928648,53.20103790005669,80,48,0
29,qsnn,best_ema,0.2497842514212357,0.10215128516802593,0.10265128458418218,0.0004999994151562437,1,76329,0.1471329668370535,1,-0.1471329668370535,0.29436360681467466,0.3709767661350279,0.037643432801694576,0.9940569674744614,0.8444288086643489,0.382814390290319,0.0,0.9059930133424514,0.8958884444876786,1.1102230246251565e-16,0.5071523465234227,0.4998340944017765,q0_m90_d2_g5,0.6,120,600,0.21090540089812737,0.32225358460765513,38.329542599851266,80,46,1
29,qsnn,final_ema,0.31307054697637204,0.09892432022745956,0.09942431842714847,0.0004999981986889002,1,83185,0.21364622854922358,1,-0.21364622854922358,0.26864349524690617,0.3854883156444436,0.052154982311110265,0.993228547883251,0.8854339239041226,0.33568930521220386,0.0,0.9346703710062532,0.9303076049711037,4.996003610813204e-16,0.7124388690733245,0.7952778769233351,q0_m90_d2_g5,0.6,120,600,0.21090540089812737,0.32225358460765513,38.329542599851266,80,46,0
29,vqc,best_ema,0.44211041769637205,0.11715557735434501,0.11765557528834275,0.0004999979329977366,1,106358,0.3244548424080293,1,-0.3244548424080293,0.30957730517578724,0.3652560561775161,0.031922722844182794,0.9955516059572443,0.9383738817679733,0.22342142090151426,0.0,0.9999999999999993,0.9999999999999993,2.7755575615628914e-16,0.9981416368304475,1.0480575836261452,v0_d2_g5,0.6,700,840,0.25298589190922477,0.3355403719737984,52.53017430007458,80,48,1
29,vqc,final_ema,0.4294929552812648,0.1106367956098534,0.11113678802250335,0.000499992411649941,1,92239,0.3183561672587615,1,-0.3183561672587615,0.2934476042471654,0.3759249278966878,0.042591594563354485,0.9963966888899147,0.9336383844760318,0.22322950457357293,0.0,1.0000000000000004,1.0000000000000002,2.220446049250313e-16,0.9986645496007311,1.0848824889046158,v0_d2_g5,0.6,700,840,0.25298589190922477,0.3355403719737984,52.53017430007458,80,48,0
30,qsnn,best_ema,0.3293314875000256,0.10629759198575614,0.10679758557769506,0.000499993590938913,1,142300,0.22253390192233055,1,-0.22253390192233055,0.3212757727838242,0.35796160502912444,0.024628271695791126,0.9971286545708189,0.8783314873234324,0.29676612948666037,0.0,0.9285970900723166,0.920681578672838,2.220446049250313e-16,0.6974210230400899,0.6926569656781005,q0_m90_d2_g5,0.6,580,960,0.2523010765641452,0.33545570561846166,38.37422260013409,80,46,1
30,qsnn,final_ema,0.3307381525535966,0.13111160921909987,0.13161160705830763,0.0004999978382077552,1,74980,0.199126545495289,1,-0.199126545495289,0.2701275412131165,0.3884079372035052,0.05507460387017188,0.9947634250827991,0.8787387931322049,0.29073053030129165,0.0,0.9305460167762409,0.9235143295208799,2.220446049250313e-16,0.7085756170128785,0.737157509378833,q0_m90_d2_g5,0.6,580,960,0.2523010765641452,0.33545570561846166,38.37422260013409,80,46,0
30,vqc,best_ema,0.45102717403565745,0.1330541509334538,0.13355414769669713,0.0004999967622433266,1,133127,0.31747302633896035,1,-0.31747302633896035,0.2961524282841995,0.3654546041674625,0.03212127083412919,0.9944435588067423,0.946165618667633,0.2085017852288536,0.0,1.0000000000000009,1.0000000000000007,2.220446049250313e-16,0.9936031706687126,1.0719919744649222,v0_d2_g5,0.6,680,960,0.2326693217572816,0.311715439606561,52.78296329989098,80,48,1
30,vqc,final_ema,0.4486269287587612,0.16656177168894265,0.16706172684226359,0.00049995515232093,1,79446,0.2815652019164976,1,-0.2815652019164976,0.2554142148742682,0.39299337022138203,0.05966003688804872,0.9931457844178986,0.9273362851959451,0.2523045271805205,0.0,0.9999999999999998,0.9999999999999994,2.220446049250313e-16,0.9942109252566276,1.1023865764679646,v0_d2_g5,0.6,680,960,0.2326693217572816,0.311715439606561,52.78296329989098,80,48,0
31,qsnn,best_ema,0.3058915827320442,0.05713935517144558,0.057639340097986,0.0004999849255404171,1,166069,0.2482522426340582,1,-0.2482522426340582,0.3368697472387937,0.35882117287417115,0.02548783954083783,0.9987752525897144,0.8534994765571771,0.3542705341637244,0.0,0.9378590521846608,0.9357022433540872,1.1102230246251565e-16,0.7182220111352788,0.7369383705984199,q0_m90_d2_g5,0.6,900,980,0.25392418816177914,0.3523451448800597,37.62252099998295,80,46,1
31,qsnn,final_ema,0.3079251006005617,0.05775229849363067,0.05825229599648608,0.0004999975018554065,1,372732,0.24967280460407565,1,-0.24967280460407565,0.33687778776434274,0.3593417423976769,0.026008409064343596,0.9986326983263496,0.8577262547107454,0.3420436792070744,0.0,0.9386224398704155,0.9365954714412819,1.1102230246251565e-16,0.7237270101556823,0.7411376281618487,q0_m90_d2_g5,0.6,900,980,0.25392418816177914,0.3523451448800597,37.62252099998295,80,46,0
31,vqc,best_ema,0.4185478002112605,0.04789131528862628,0.048472555153364426,0.0005812398637381477,0,399730,0.3700752450578961,1,-0.3700752450578961,0.359239926104645,0.3447758384426443,0.011442505109310996,0.998882312716948,0.9221460486252813,0.2501714970507751,0.0,1.0000000000000009,1.0000000000000007,1.1102230246251565e-16,0.999287343331539,1.0301617892831176,v0_d2_g5,0.6,780,1000,0.32261798545718434,0.36532714590931153,52.935722400201485,80,48,1
31,vqc,final_ema,0.4185478002112605,0.04789131528862628,0.048472555153364426,0.0005812398637381477,0,399730,0.3700752450578961,1,-0.3700752450578961,0.359239926104645,0.3447758384426443,0.011442505109310996,0.998882312716948,0.9221460486252813,0.2501714970507751,0.0,1.0000000000000009,1.0000000000000007,1.1102230246251565e-16,0.999287343331539,1.0301617892831176,v0_d2_g5,0.6,780,1000,0.32261798545718434,0.36532714590931153,52.935722400201485,80,48,0
32,qsnn,best_ema,0.2922797497023864,0.10521697223787807,0.10571696172763445,0.0004999894887563749,1,88540,0.18656278797475195,1,-0.18656278797475195,0.3137811962053915,0.3670919812775289,0.033758647944195586,0.9975791623229595,0.8510826263796735,0.33653114888234914,0.0,0.9181527912528823,0.9108544271202892,2.7755575615628914e-16,0.6131960330238084,0.5945633142804188,q0_m90_d2_g5,0.6,820,740,0.25537974459843776,0.3247453711972967,40.044938599923626,80,46,1
32,qsnn,final_ema,0.3202859919092719,0.13627192304903876,0.13677191825791404,0.0004999952078752756,1,64447,0.18351407365135788,1,-0.18351407365135788,0.23834570567395766,0.4119591403813591,0.0786258070480258,0.9915822564026421,0.8692947830405169,0.35297889827494916,0.0,0.9334703845871444,0.9291944573127913,1.1102230246251565e-16,0.715071742459374,0.7699491506777718,q0_m90_d2_g5,0.6,820,740,0.25537974459843776,0.3247453711972967,40.044938599923626,80,46,0
32,vqc,best_ema,0.4249065017609325,0.10744248345686958,0.10794247936164683,0.0004999959037772506,1,85413,0.31696402239928567,1,-0.31696402239928567,0.289827713484065,0.3774439624514375,0.044110629118104205,0.9954569171147412,0.9382795579607252,0.2206378802308498,0.0,1.0,1.0,1.6653345369377348e-16,0.9961817392970058,1.0936291032662502,v0_d2_g5,0.6,960,1000,0.3027688232487541,0.30286239476768506,54.0119775000494,80,48,1
32,vqc,final_ema,0.4249065017609325,0.10744248345686958,0.10794247936164683,0.0004999959037772506,1,85413,0.31696402239928567,1,-0.31696402239928567,0.289827713484065,0.3774439624514375,0.044110629118104205,0.9954569171147412,0.9382795579607252,0.2206378802308498,0.0,1.0,1.0,1.6653345369377348e-16,0.9961817392970058,1.0936291032662502,v0_d2_g5,0.6,960,1000,0.3027688232487541,0.30286239476768506,54.0119775000494,80,48,0
33,qsnn,best_ema,0.2538596917346423,0.11183532388830755,0.11233530107745447,0.0004999771881469134,1,116561,0.1415243906571878,1,-0.1415243906571878,0.31014963358797526,0.3637033878782643,0.03037005454493097,0.9964717072421096,0.8062284613480039,0.4044807097904698,0.0,0.9021939243436292,0.8927003528430032,1.6653345369377348e-16,0.4939434949943905,0.45631003661026026,q0_m90_d2_g5,0.6,880,580,0.25894368983193716,0.3342696108125185,39.33970349980518,80,46,1
33,qsnn,final_ema,0.3165123356743699,0.10357529081124262,0.10407527472356608,0.0004999839113234567,1,54718,0.21243706095080384,1,-0.21243706095080384,0.27778516987038765,0.3859880312417183,0.052654697908385006,0.995450837310219,0.8434862424199149,0.30995007114664186,0.0,0.9341145733368988,0.9255314428706883,3.3306690738754696e-16,0.7141320541280629,0.7647530681710808,q0_m90_d2_g5,0.6,880,580,0.25894368983193716,0.3342696108125185,39.33970349980518,80,46,0
33,vqc,best_ema,0.47291474767019603,0.16752397826335202,0.16802397633068358,0.0004999980663315529,1,144926,0.3048907713395125,1,-0.3048907713395125,0.2995520924608841,0.36653229916815905,0.03319896583482573,0.9946201104648827,0.8886646222116463,0.29264652628259424,0.0,1.0000000000000002,1.0000000000000004,2.220446049250313e-16,0.9978148199357754,1.0178222052624304,v0_d2_g5,0.6,1000,1000,0.30940508323440175,0.30158082328479874,54.083308399887756,80,48,1
33,vqc,final_ema,0.47291474767019603,0.16752397826335202,0.16802397633068358,0.0004999980663315529,1,144926,0.3048907713395125,1,-0.3048907713395125,0.2995520924608841,0.36653229916815905,0.03319896583482573,0.9946201104648827,0.8886646222116463,0.29264652628259424,0.0,1.0000000000000002,1.0000000000000004,2.220446049250313e-16,0.9978148199357754,1.0178222052624304,v0_d2_g5,0.6,1000,1000,0.30940508323440175,0.30158082328479874,54.083308399887756,80,48,0
34,qsnn,best_ema,0.37792617753555796,0.2359703881754638,0.23647038351894933,0.0004999953424855152,1,67601,0.14145579401660863,1,-0.14145579401660863,0.28784199157205836,0.38099339798283255,0.047660064649499234,0.9963716141484812,0.8768235501416491,0.3413456576385614,0.0,0.8996501556139551,0.8811335301026725,2.220446049250313e-16,0.6371901299261971,0.4914355728434313,q0_m90_d2_g5,0.6,60,820,0.26626954741616476,0.310724287219468,39.90455109998584,80,46,1
34,qsnn,final_ema,0.39078271689748345,0.24001375354072063,0.24051373618023533,0.0004999826385146955,1,44996,0.15026898071724812,1,-0.15026898071724812,0.2352829679115884,0.4058599156738829,0.0725265823405496,0.9915866026356177,0.8520251223316867,0.33877246771547037,0.0,0.9093294898024391,0.8835157238121389,2.7755575615628914e-16,0.7019964479234906,0.6386734324675565,q0_m90_d2_g5,0.6,60,820,0.26626954741616476,0.310724287219468,39.90455109998584,80,46,0
34,vqc,best_ema,0.42795135349153285,0.07947352734309415,0.07997352412530555,0.0004999967812113898,1,148462,0.3479778293662273,1,-0.3479778293662273,0.3391178539009849,0.35588268855283095,0.022549355219497635,0.9981567156963803,0.9453968719617373,0.20537576570104643,0.0,1.0000000000000004,1.0000000000000004,3.3306690738754696e-16,0.9998734796343053,1.026126537908055,v0_d2_g5,0.6,760,960,0.2894020216288768,0.3606858635607618,53.92586120008491,80,48,1
34,vqc,final_ema,0.4245759887249735,0.10924405457503117,0.10974404621198239,0.0004999916359512135,1,102507,0.31483194251299107,1,-0.31483194251299107,0.2958812196978215,0.3799237560052914,0.046590422671958065,0.9963118673973327,0.9415299104819596,0.2198502293329901,0.0,0.9999999999999998,0.9999999999999998,3.3306690738754696e-16,0.9998360747818062,1.0640484138686586,v0_d2_g5,0.6,760,960,0.2894020216288768,0.3606858635607618,53.92586120008491,80,48,0
35,qsnn,best_ema,0.3673079878311435,0.22509707486289895,0.2255970667929754,0.0004999919290764321,1,72438,0.1417109210381681,1,-0.1417109210381681,0.30990343809603466,0.3647952221923172,0.03146188885898388,0.997268489491798,0.8633407295534375,0.2985934485482918,0.0,0.895905150916311,0.8685521404060894,1.6653345369377348e-16,0.6085445239019327,0.45727443977002247,q0_m90_d2_g5,0.6,680,760,0.26963541160850496,0.3380958168301028,39.56390900001861,80,46,1
35,qsnn,final_ema,0.4014672422156916,0.301451868885456,0.3019518279264505,0.000499959039994502,1,28990,0.0995154142892411,1,-0.0995154142892411,0.1500921974061408,0.4713058292445317,0.13797249591119837,0.9802645362836309,0.9072747110407833,0.27220651497503023,0.0,0.9100873940839058,0.8872161823096074,3.3306690738754696e-16,0.7179103817117005,0.6630285651689019,q0_m90_d2_g5,0.6,680,760,0.26963541160850496,0.3380958168301028,39.56390900001861,80,46,0
35,vqc,best_ema,0.4604985723730233,0.1381725698493766,0.1386725686147198,0.0004999987643432013,1,179271,0.3218260037583035,1,-0.3218260037583035,0.31905450954442566,0.35950534276669704,0.02617200943336373,0.9967736427187524,0.9270557848540218,0.2356688464105843,0.0,1.0,1.0000000000000004,2.220446049250313e-16,0.9973311113888077,1.0086865853042957,v0_d2_g5,0.6,840,1000,0.29171218276304695,0.3296129652857807,54.42690859991126,80,48,1
35,vqc,final_ema,0.4604985723730233,0.1381725698493766,0.1386725686147198,0.0004999987643432013,1,179271,0.3218260037583035,1,-0.3218260037583035,0.31905450954442566,0.35950534276669704,0.02617200943336373,0.9967736427187524,0.9270557848540218,0.2356688464105843,0.0,1.0,1.0000000000000004,2.220446049250313e-16,0.9973311113888077,1.0086865853042957,v0_d2_g5,0.6,840,1000,0.29171218276304695,0.3296129652857807,54.42690859991126,80,48,0
36,qsnn,best_ema,0.22730551878302166,0.1268858536485655,0.12738581600993218,0.0004999623603666736,1,52775,0.09991970277308948,1,-0.09991970277308948,0.3045417699579809,0.366632355616233,0.03329902228289966,0.9965253819394511,0.8683384655795473,0.31517177108092864,0.0,0.8891502650787071,0.8759986539729665,1.1102230246251565e-16,0.398716511850587,0.3280985159667125,q0_m90_d2_g5,0.6,820,480,0.2787844296997044,0.33898935623048554,39.632863000035286,80,46,1
36,qsnn,final_ema,0.33500278878132556,0.14484327743932318,0.14534327425478794,0.0004999968144647482,1,62935,0.18965951452653762,1,-0.18965951452653762,0.2398345722505303,0.40276105351315444,0.06942772017982113,0.9913862893831017,0.816571806244427,0.36705452440089087,0.0,0.9326042798260865,0.9231843157946942,2.220446049250313e-16,0.7217615535077888,0.790793056842614,q0_m90_d2_g5,0.6,820,480,0.2787844296997044,0.33898935623048554,39.632863000035286,80,46,0
36,vqc,best_ema,0.45470617572960687,0.13961044835465297,0.14011043639150708,0.0004999880358541042,1,98685,0.3145957393380998,1,-0.3145957393380998,0.30103327224863335,0.36847811410399045,0.035144780770657136,0.9957947998622756,0.9217818822889067,0.24020629215847653,0.0,0.9999999999999996,0.9999999999999994,3.3306690738754696e-16,0.9997450657299584,1.0450530500770185,v0_d2_g5,0.6,580,920,0.24709906283183755,0.3213390999893786,54.281369499862194,80,48,1
36,vqc,final_ema,0.44486672699627505,0.13152465081233589,0.13202464655067975,0.0004999957373438557,1,91141,0.3128420804455953,1,-0.3128420804455953,0.29446954688389465,0.3740742259416627,0.04074089260832936,0.9964307708440179,0.9243582726156686,0.22915461082371918,0.0,0.999999999999999,0.999999999999999,1.1102230246251565e-16,0.9995238976151115,1.062391964656857,v0_d2_g5,0.6,580,920,0.24709906283183755,0.3213390999893786,54.281369499862194,80,48,0
37,qsnn,best_ema,0.30588575767318005,0.04782957484020972,0.04832956838802965,0.0004999935468199337,1,172776,0.2575561892851504,1,-0.2575561892851504,0.348610891513624,0.3549085052069441,0.0215751718736108,0.9993371813661471,0.8096741212700304,0.4116206461562474,0.0,0.9397092511599174,0.9375932807795944,1.6653345369377348e-16,0.726482865639687,0.7388070641363909,q0_m90_d2_g5,0.6,900,1000,0.342532867076923,0.36060326915833996,39.503105599898845,80,46,1
37,qsnn,final_ema,0.30588575767318005,0.04782957484020972,0.04832956838802965,0.0004999935468199337,1,172776,0.2575561892851504,1,-0.2575561892851504,0.348610891513624,0.3549085052069441,0.0215751718736108,0.9993371813661471,0.8096741212700304,0.4116206461562474,0.0,0.9397092511599174,0.9375932807795944,1.6653345369377348e-16,0.726482865639687,0.7388070641363909,q0_m90_d2_g5,0.6,900,1000,0.342532867076923,0.36060326915833996,39.503105599898845,80,46,0
37,vqc,best_ema,0.43274190618796926,0.1553524878089531,0.1558524509519931,0.000499963142039983,1,60151,0.2768894552359762,1,-0.2768894552359762,0.2404384598434919,0.4028981452277974,0.06956481189446406,0.9888874496293966,0.906537638112997,0.25567190589409006,0.0,1.0000000000000002,1.0,1.6653345369377348e-16,0.9985288154699837,1.151602183012698,v0_d2_g5,0.6,1000,880,0.2366651018230822,0.2501602259716709,54.156202000100166,80,48,1
37,vqc,final_ema,0.43381944515158644,0.19812632204246444,0.19862631745046627,0.0004999954070018242,1,49179,0.23519312770112016,1,-0.23519312770112016,0.19724761220447234,0.43282760883386123,0.09949427550052792,0.9848919319391205,0.9236106460748587,0.23881786352439294,0.0,0.9999999999999992,0.9999999999999992,2.220446049250313e-16,0.9993940804667708,1.1923750309195755,v0_d2_g5,0.6,1000,880,0.2366651018230822,0.2501602259716709,54.156202000100166,80,48,0
38,qsnn,best_ema,0.10505509739280693,0.05846416525425255,0.0589640971612967,0.0004999319060441515,1,22633,0.04609100023151023,1,-0.04609100023151023,0.28885006952579717,0.37641110915598125,0.043077775822647935,0.9944697613193341,0.8120003157095841,0.3710365226225827,0.0,0.8598082631034626,0.8516977569623752,2.7755575615628914e-17,0.1878132673964237,0.1595672118313056,q0_m90_d2_g5,0.6,120,360,0.23852457026871146,0.3083972807906282,38.86501800012775,80,46,1
38,qsnn,final_ema,0.3154225575001494,0.09415628241105695,0.09465627647431964,0.0004999940622626847,1,93935,0.2207662810258298,1,-0.2207662810258298,0.27713398043211795,0.3798019659681387,0.046468632634805385,0.9935027369857868,0.8259726508848151,0.38930165568586006,0.0,0.9354151836467071,0.9298868542012906,2.7755575615628914e-16,0.7181203596396764,0.796604879277534,q0_m90_d2_g5,0.6,120,360,0.23852457026871146,0.3083972807906282,38.86501800012775,80,46,0
38,vqc,best_ema,0.4180169953558691,0.0483387205072115,0.04883871711620943,0.0004999966079979323,1,339123,0.3691782782396597,1,-0.3691782782396597,0.3545898090648322,0.34594622171577893,0.01261288838244562,0.9990846330530426,0.9301858157177642,0.24321048305845522,0.0,1.0000000000000002,1.0,1.1102230246251565e-16,0.9994755004666308,1.0411418173954352,v0_d2_g5,0.6,940,1000,0.3581727200085083,0.3629481302105788,54.21281010005623,80,48,1
38,vqc,final_ema,0.4180169953558691,0.0483387205072115,0.04883871711620943,0.0004999966079979323,1,339123,0.3691782782396597,1,-0.3691782782396597,0.3545898090648322,0.34594622171577893,0.01261288838244562,0.9990846330530426,0.9301858157177642,0.24321048305845522,0.0,1.0000000000000002,1.0,1.1102230246251565e-16,0.9994755004666308,1.0411418173954352,v0_d2_g5,0.6,940,1000,0.3581727200085083,0.3629481302105788,54.21281010005623,80,48,0
39,qsnn,best_ema,0.22740652292256297,0.0956060777228191,0.0961060723495193,0.0004999946257002036,1,59197,0.13130045057304368,1,-0.13130045057304368,0.29567603739336956,0.3641011097040879,0.030767776370754563,0.9949352130980772,0.8708148065760641,0.29003769896195325,0.0,0.8984420415730856,0.8904332693499892,1.1102230246251565e-16,0.4501969707857594,0.4440686223021874,q0_m90_d2_g5,0.6,1000,540,0.24535934993273673,0.3159662590986303,39.456192600075155,80,46,1
39,qsnn,final_ema,0.3162537295260865,0.09096197661629057,0.0914619721316601,0.0004999955143695223,1,82373,0.2247917573944264,1,-0.2247917573944264,0.2820324144036708,0.37836576865549204,0.045032435322158726,0.9941464047877557,0.8475906903909077,0.3379085182293251,0.0,0.9363998042767113,0.9288420386660796,1.6653345369377348e-16,0.7227321064710077,0.7970422756892181,q0_m90_d2_g5,0.6,1000,540,0.24535934993273673,0.3159662590986303,39.456192600075155,80,46,0
39,vqc,best_ema,0.4366833006822334,0.11562911524746355,0.11612911492684194,0.0004999996783783822,1,98384,0.3205541857553914,1,-0.3205541857553914,0.29818572462595033,0.37157454537574147,0.03824121204240816,0.9948510892718145,0.9305891728064726,0.2405412415750918,0.0,1.0000000000000007,1.0000000000000004,3.3306690738754696e-16,0.9994165259054231,1.0750151978519444,v0_d2_g5,0.6,880,960,0.2679981548575297,0.3210207885567085,54.41238910006359,80,48,1
39,vqc,final_ema,0.43323807235013867,0.11898339712829964,0.11948338055588781,0.0004999834265881631,1,97248,0.31375469179425086,1,-0.31375469179425086,0.2899369434912676,0.37773681175597335,0.04440347842264003,0.9953113712507025,0.9306127829195321,0.23852330998480223,0.0,1.0000000000000004,1.0000000000000004,2.220446049250313e-16,0.9989369924661324,1.0821480285202103,v0_d2_g5,0.6,880,960,0.2679981548575297,0.3210207885567085,54.41238910006359,80,48,0
20,qsnn,best_ema,0.0,0.0,0.0,0.0,1,1,0.0,0,-0.0,0.0,nan,nan,nan,0.875208339056305,0.33006430764860845,0.0,0.8104910930757449,0.8106874293406662,0.0,0.0,0.0,q0_m90_d2_g5,0.36,0,0,0.0,0.0,36.796696400037035,80,46,1
20,qsnn,final_ema,0.056548557024274505,0.06275833359075456,0.06300650303423856,0.0002481694424840003,1,300,-0.0064579460099640565,0,0.0064579460099640565,-0.3010156964886409,0.818119409105254,0.48478607577192073,0.8448630994933455,0.880097453689708,0.2904714234856963,0.0,0.8360935763336989,0.838256551670677,8.326672684688674e-17,0.06782727027996054,0.021453851361560985,q0_m90_d2_g5,0.36,0,0,0.0,0.0,36.796696400037035,80,46,0
20,vqc,best_ema,0.25411907835156183,0.3470878981113258,0.3475878949495553,0.0004999968372295105,1,41978,-0.09346881659799344,0,0.09346881659799344,-0.0909300919495349,0.45245702239303287,0.11912368905969956,0.9636004523560591,0.9238350739634702,0.20038281249489265,0.0,1.0000000000000004,1.0000000000000004,1.249000902703301e-16,0.9097245492487087,1.027919521404064,v0_d2_g5,0.36,840,920,-0.11841443541712451,-0.06363185703792366,54.046637600054964,80,48,1
20,vqc,final_ema,0.2720237881636322,0.40689311722308913,0.4073929695125845,0.0004998522884954171,1,35067,-0.13536918134895232,0,0.13536918134895232,-0.12095644052757759,0.4905656779005825,0.15723234456724916,0.9528550302727299,0.8874447867938607,0.2853764580838957,0.0,1.0000000000000004,1.0,3.3306690738754696e-16,0.9473262028714695,1.119156456311962,v0_d2_g5,0.36,840,920,-0.11841443541712451,-0.06363185703792366,54.046637600054964,80,48,0
21,qsnn,best_ema,0.0,0.0,0.0,0.0,1,1,0.0,0,-0.0,0.0,nan,nan,nan,0.7946136343631722,0.3957233542401944,0.0,0.8110388405685952,0.8112807277644303,0.0,0.0,0.0,q0_m90_d2_g5,0.36,0,0,0.0,0.0,36.21445020008832,80,46,1
21,qsnn,final_ema,0.10216710915977698,0.10538273755749523,0.10588257779149715,0.0004998402330019108,1,2820,-0.0037154686317201757,0,0.0037154686317201757,-0.08989870461853572,0.43879170890083496,0.10545837556750165,0.9835110542413028,0.8514256194096642,0.34261552357598546,0.0,0.8400216901678661,0.8391090809568578,1.1102230246251565e-16,0.13263197281328692,0.0413295013258078,q0_m90_d2_g5,0.36,0,0,0.0,0.0,36.21445020008832,80,46,0
21,vqc,best_ema,0.3377085596251422,0.413898941589674,0.41439892310193543,0.0004999815112614603,1,44764,-0.07669036347679326,0,0.07669036347679326,-0.07875989214816549,0.4392945732412411,0.10596123990790779,0.9687217740782804,0.9292177893012016,0.2504612538159426,0.0,1.0000000000000002,1.0,4.440892098500626e-16,0.9623871045167824,0.9737235715422391,v0_d2_g5,0.36,340,900,-0.12656611617909522,-0.05986364184435068,53.83511579991318,80,48,1
21,vqc,final_ema,0.322954702271419,0.5079735189000407,0.5084735041291644,0.0004999852281236672,1,35235,-0.18551880185774539,0,0.18551880185774539,-0.1735919423490548,0.551287389203561,0.2179540558702277,0.9452977304929989,0.9341337248003035,0.23335412473053205,0.0,1.0,1.0,3.3306690738754696e-16,0.9710718163564569,1.0687062967744685,v0_d2_g5,0.36,340,900,-0.12656611617909522,-0.05986364184435068,53.83511579991318,80,48,0
22,qsnn,best_ema,0.0,0.0,0.0,0.0,1,1,0.0,0,-0.0,0.0,nan,nan,nan,0.8932785224131392,0.296441806928234,0.0,0.8110739051596898,0.8109095616121381,0.0,0.0,0.0,q0_m90_d2_g5,0.36,0,0,0.0,0.0,36.37498539988883,80,46,1
22,qsnn,final_ema,0.05013560165404476,0.06958998246922785,0.07008744275825776,0.0004974602880299106,1,2384,-0.019951841104213004,0,0.019951841104213004,-0.2494301518000272,0.6800016709694441,0.34666833763611077,0.9003942749114856,0.7480810236757115,0.4828954443237997,0.0,0.8475497242027408,0.8489954945300288,8.326672684688674e-17,0.09449964940683261,0.0799896923456502,q0_m90_d2_g5,0.36,0,0,0.0,0.0,36.37498539988883,80,46,0
22,vqc,best_ema,-0.1308019630687619,-0.0581928049074113,-0.057692811573800976,0.0004999933326103254,1,82341,-0.07310915149496093,0,0.07310915149496093,-0.1086556019249556,0.47127269901472546,0.13793936568139215,0.9445954291834976,0.8728375978424967,0.3125534818220321,0.0,1.0000000000000007,1.0000000000000004,1.1102230246251565e-16,0.7305449259586141,0.672852114384813,v0_d2_g5,0.36,200,720,-0.15767503472849148,-0.0972201203212081,54.49625710002147,80,48,1
22,vqc,final_ema,-0.17904063409370558,-0.02323627926864208,-0.02273638646201725,0.000499892805624829,1,16981,-0.15630424763168832,0,0.15630424763168832,-0.21855644555693024,0.6311018079743699,0.29776847464103656,0.9057594891974214,0.9135284489545246,0.2411349524532608,0.0,1.0,1.0,1.3877787807814457e-16,0.7379028837638493,0.7151664973018319,v0_d2_g5,0.36,200,720,-0.15767503472849148,-0.0972201203212081,54.49625710002147,80,48,0
23,qsnn,best_ema,0.0,0.0,0.0,0.0,1,1,0.0,0,-0.0,0.0,nan,nan,nan,0.8665646034433234,0.3438522564518534,0.0,0.8117050712452613,0.8111828642093196,0.0,0.0,0.0,q0_m90_d2_g5,0.36,0,0,0.0,0.0,36.27937659993768,80,46,1
23,qsnn,final_ema,-0.011069314466613555,0.0038046595919556114,0.004303257995327057,0.0004985984023714455,1,1175,-0.015372572461940612,0,0.015372572461940612,-0.3140898942789046,0.8326859470119373,0.499352613678604,0.8513528078423986,0.9002672045252688,0.2699239924833943,0.0,0.8354076390494783,0.8359028541241358,6.071532165918825e-17,0.04463996731038787,0.04894322530571493,q0_m90_d2_g5,0.36,0,0,0.0,0.0,36.27937659993768,80,46,0
23,vqc,best_ema,0.23508516946770736,0.3696340167659622,0.3701339221599991,0.0004999053930369035,1,46671,-0.13504875269229172,0,0.13504875269229172,-0.13198138822023706,0.5157506914802407,0.18241735814690735,0.9186040336528555,0.8012671064905523,0.359770310429298,0.0,0.9999999999999996,0.9999999999999996,2.220446049250313e-16,0.8234731372546076,1.0232408865630065,v0_d2_g5,0.36,200,840,-0.1778840889200627,-0.10632808369037981,54.46911790012382,80,48,1
23,vqc,final_ema,0.18390443653449506,0.4882472852330409,0.4887472625726015,0.0004999773385606088,1,32515,-0.3048428260381064,0,0.3048428260381064,-0.25280914010127664,0.7064025052158244,0.37306917188249106,0.8822760651039422,0.8588642618553448,0.2875910960483212,0.0,1.0000000000000002,1.0,2.220446049250313e-16,0.821659028996347,1.2058220122737051,v0_d2_g5,0.36,200,840,-0.1778840889200627,-0.10632808369037981,54.46911790012382,80,48,0
24,qsnn,best_ema,0.0,0.0,0.0,0.0,1,1,0.0,0,-0.0,0.0,nan,nan,nan,0.9105000387352999,0.26057042313232026,0.0,0.8111893214031844,0.8112671022173183,0.0,0.0,0.0,q0_m90_d2_g5,0.36,0,0,0.0,0.0,36.665675500174984,80,46,1
24,qsnn,final_ema,0.009404413518728805,0.012258876581092924,0.012758403704152469,0.0004995271220595444,1,2011,-0.0033539901854236637,0,0.0033539901854236637,-0.11518625956310494,0.473518662248389,0.1401853289150557,0.9670768524248348,0.9088106854737943,0.270977686879362,0.0,0.8319333457159784,0.8316965777501657,1.0755285551056204e-16,0.028626202725858602,0.02911797117247458,q0_m90_d2_g5,0.36,0,0,0.0,0.0,36.665675500174984,80,46,0
24,vqc,best_ema,0.4752477814230801,0.7334838003666024,0.73398379130787,0.0004999909402675362,1,58467,-0.25873600988478984,0,0.25873600988478984,-0.18591602348340208,0.7654255149203889,0.4320921815870556,0.7422460986242317,0.7804511721971694,0.388527125414998,0.0,1.0000000000000002,0.9999999999999998,5.551115123125783e-16,0.9255789876690299,1.3916821424910095,v0_d2_g5,0.36,920,620,-0.19120204292563225,-0.16761961008991752,54.229466299992055,80,48,1
24,vqc,final_ema,0.47767827500722765,0.7234322432284124,0.7239322390495457,0.000499995820133381,1,36633,-0.24625396404231809,0,0.24625396404231809,-0.19769510780004976,0.6859363354135358,0.3526030020802025,0.8406718972759292,0.8933378060269929,0.2894521982630279,0.0,1.0,0.9999999999999998,2.220446049250313e-16,0.9784892876998287,1.2456249766756045,v0_d2_g5,0.36,920,620,-0.19120204292563225,-0.16761961008991752,54.229466299992055,80,48,0
25,qsnn,best_ema,0.0,0.0,0.0,0.0,1,1,0.0,0,-0.0,0.0,nan,nan,nan,0.9279545368164579,0.24695818536101566,0.0,0.810600035246365,0.8108696984135088,0.0,0.0,0.0,q0_m90_d2_g5,0.36,0,0,0.0,0.0,37.04577339999378,80,46,1
25,qsnn,final_ema,0.03272811681726745,0.03706475607011705,0.037564634330260686,0.0004998782591436393,1,1985,-0.004836517512993237,0,0.004836517512993237,-0.13016422774706593,0.4785590581504887,0.1452257248171554,0.9758493254714897,0.8048742000136949,0.3662413828451546,0.0,0.8388372260415236,0.8367052042594776,5.551115123125783e-17,0.05931919736877956,0.03715704073773263,q0_m90_d2_g5,0.36,0,0,0.0,0.0,37.04577339999378,80,46,0
25,vqc,best_ema,0.391103873761239,0.5306385144634561,0.5311384570585808,0.0004999425941246693,1,37591,-0.14003458329734175,0,0.14003458329734175,-0.13217443340343354,0.5179222878539474,0.18458895452061413,0.9274258045449403,0.8092645441136549,0.38765760424882484,0.0,1.0000000000000004,1.0000000000000004,3.3306690738754696e-16,0.9730405327287512,1.0594680052073067,v0_d2_g5,0.36,400,700,-0.15320055531779422,-0.10926048792436925,54.03431220003404,80,48,1
25,vqc,final_ema,0.37613048039142605,0.615393417129918,0.6158933983170137,0.0004999811860957326,1,28155,-0.23976291792558768,0,0.23976291792558768,-0.21557876452058583,0.6322747499994843,0.298941416666151,0.9047019260749686,0.8462499949461417,0.22808411149221922,0.0,0.9999999999999998,0.9999999999999998,4.440892098500626e-16,0.9539127173590642,1.1121824473703785,v0_d2_g5,0.36,400,700,-0.15320055531779422,-0.10926048792436925,54.03431220003404,80,48,0
26,qsnn,best_ema,0.0,0.0,0.0,0.0,1,1,0.0,0,-0.0,0.0,nan,nan,nan,0.9145662129394201,0.25750114795225587,0.0,0.8108787415744058,0.8108534235170834,0.0,0.0,0.0,q0_m90_d2_g5,0.36,0,0,0.0,0.0,35.56846580002457,80,46,1
26,qsnn,final_ema,0.04588102258053668,0.05121624522183629,0.05143534605785514,0.00021910083501884559,1,300,-0.0055543234773184555,0,0.0055543234773184555,-0.3970088823753003,nan,nan,0.7996797740760593,0.7423764286493444,0.44378324441848543,0.0,0.8259497585712177,0.8246131527173046,2.7755575615628914e-17,0.053352088646611937,0.013990426219400916,q0_m90_d2_g5,0.36,0,0,0.0,0.0,35.56846580002457,80,46,0
26,vqc,best_ema,0.442840462123501,0.5446805001334758,0.5451804901293119,0.0004999899948361364,1,35075,-0.10234002800581093,0,0.10234002800581093,-0.11113206104797937,0.4829302058855616,0.1495968725522283,0.9502486557308057,0.8761027892727912,0.28941806332064823,0.0,1.0000000000000004,1.0000000000000004,2.220446049250313e-16,0.9793449460349721,0.9208866194034444,v0_d2_g5,0.36,900,1000,-0.07134199210090304,-0.08852676539186677,54.06101009994745,80,48,1
26,vqc,final_ema,0.442840462123501,0.5446805001334758,0.5451804901293119,0.0004999899948361364,1,35075,-0.10234002800581093,0,0.10234002800581093,-0.11113206104797937,0.4829302058855616,0.1495968725522283,0.9502486557308057,0.8761027892727912,0.28941806332064823,0.0,1.0000000000000004,1.0000000000000004,2.220446049250313e-16,0.9793449460349721,0.9208866194034444,v0_d2_g5,0.36,900,1000,-0.07134199210090304,-0.08852676539186677,54.06101009994745,80,48,0
27,qsnn,best_ema,0.0,0.0,0.0,0.0,1,1,0.0,0,-0.0,0.0,nan,nan,nan,0.8437280020489707,0.34375464173363474,0.0,0.8107079346263066,0.8109337639546768,0.0,0.0,0.0,q0_m90_d2_g5,0.36,0,0,0.0,0.0,36.65643380000256,80,46,1
27,qsnn,final_ema,0.029674284826598982,0.032822378196959365,0.03332105522146016,0.0004986770235007945,1,494,-0.0036467703948611756,0,0.0036467703948611756,-0.28138414086343183,0.8091793299318355,0.4758459965985022,0.8425343725480388,0.8917647217193628,0.27940170842409395,0.0,0.8315768373269425,0.8325912613051727,6.938893903907228e-17,0.03598648342917607,0.01296011347217722,q0_m90_d2_g5,0.36,0,0,0.0,0.0,36.65643380000256,80,46,0
27,vqc,best_ema,0.07505640027874326,0.14096658476434587,0.14146657698341633,0.0004999922180704552,1,109692,-0.06641017670467307,0,0.06641017670467307,-0.07054292286761847,0.4284989959723282,0.0951656626389949,0.9682907039774732,0.8653117048180983,0.2839576913307515,0.0,0.9999999999999991,0.9999999999999993,2.220446049250313e-16,0.7999485785708695,0.9414151555542863,v0_d2_g5,0.36,1000,760,-0.16061425715799907,-0.06264350292277357,54.03608110011555,80,48,1
27,vqc,final_ema,0.10657913671195339,0.2921936311289844,0.29269357985549666,0.0004999487255122892,1,41486,-0.18611444314354325,0,0.18611444314354325,-0.16946428590673362,0.5316687238188201,0.19833539048548682,0.9529668830469393,0.88312258188801,0.30879104639383564,0.0,1.0000000000000022,1.0000000000000022,2.220446049250313e-16,0.8269112688891395,1.0982517180403026,v0_d2_g5,0.36,1000,760,-0.16061425715799907,-0.06264350292277357,54.03608110011555,80,48,0
28,qsnn,best_ema,0.0,0.0,0.0,0.0,1,1,0.0,0,-0.0,0.0,nan,nan,nan,0.8698358399447219,0.3226983873254335,0.0,0.8111682049092134,0.8110830420072142,0.0,0.0,0.0,q0_m90_d2_g5,0.36,0,0,0.0,0.0,36.7250892999582,80,46,1
28,qsnn,final_ema,0.011718131207782152,0.015166011558621878,0.015662819737619668,0.0004968081779977915,1,840,-0.003944688529837516,0,0.003944688529837516,-0.19265786754012185,0.6639744028470533,0.33064106951372,0.8575409497412942,0.9035444267485032,0.18995552081693876,0.0,0.8295507775052962,0.8277595786196945,6.938893903907228e-17,0.02021044217739943,0.02047509702149079,q0_m90_d2_g5,0.36,0,0,0.0,0.0,36.7250892999582,80,46,0
28,vqc,best_ema,0.2902457684564012,0.3775822290671551,0.3780822009983523,0.0004999719301972405,1,58135,-0.08783643254195111,0,0.08783643254195111,-0.08037652931014412,0.44323655327800043,0.10990321994466712,0.9587263249684848,0.8814287847295684,0.30541561210100293,0.0,0.9999999999999993,0.999999999999999,1.1102230246251565e-16,0.9778048330908786,1.0928119601061885,v0_d2_g5,0.36,560,660,-0.11993104955424556,-0.0704040030981596,54.51331489998847,80,48,1
28,vqc,final_ema,0.29166177074182176,0.5609954679819319,0.5614953942660894,0.0004999262831575368,1,34091,-0.26983362352426765,0,0.26983362352426765,-0.21345030867576906,0.6377978730715802,0.3044645397382469,0.8988592733596324,0.7811535440288765,0.4277353499067947,0.0,1.0000000000000004,1.0000000000000002,2.220446049250313e-16,0.9712100202204399,1.264151948049627,v0_d2_g5,0.36,560,660,-0.11993104955424556,-0.0704040030981596,54.51331489998847,80,48,0
29,qsnn,best_ema,0.0,0.0,0.0,0.0,1,1,0.0,0,-0.0,0.0,nan,nan,nan,0.8670924638109531,0.3187135438185152,0.0,0.8108027316852012,0.8108143007529536,0.0,0.0,0.0,q0_m90_d2_g5,0.36,0,0,0.0,0.0,36.15714639984071,80,46,1
29,qsnn,final_ema,0.054946249230161524,0.059776001739440233,0.06026777098331626,0.0004917692428760279,1,300,-0.005321521753154736,0,0.005321521753154736,-0.18846464566292176,0.5543928665786418,0.22105953324530853,0.9534061128572933,0.8900788659618858,0.3000728615341869,0.0,0.8334649846554036,0.8318146557630131,6.938893903907228e-17,0.07295564494950532,0.028236180501846155,q0_m90_d2_g5,0.36,0,0,0.0,0.0,36.15714639984071,80,46,0
29,vqc,best_ema,0.39395292754877836,0.49725294637315187,0.4977529304832694,0.0004999841091175572,1,41482,-0.10380000293449104,0,0.10380000293449104,-0.09456249522563705,0.4729008159982271,0.13956748266489377,0.9303483512661436,0.8460356893391624,0.347726928303907,0.0,0.9999999999999997,0.9999999999999994,3.3306690738754696e-16,0.9998325871455365,1.0976868015888566,v0_d2_g5,0.36,220,520,-0.14367106520036724,-0.07293746057501173,54.028613599948585,80,48,1
29,vqc,final_ema,0.37918811447877293,0.6147060952961847,0.6152060414395355,0.0004999461423508267,1,29397,-0.23601792696076257,0,0.23601792696076257,-0.20481309833191963,0.6176860982347793,0.28435276490144595,0.9178723948174388,0.9142381501247484,0.25036201859262047,0.0,0.9999999999999993,0.9999999999999991,3.3306690738754696e-16,0.9984360433084128,1.1523575830012223,v0_d2_g5,0.36,220,520,-0.14367106520036724,-0.07293746057501173,54.028613599948585,80,48,0
30,qsnn,best_ema,0.0,0.0,0.0,0.0,1,1,0.0,0,-0.0,0.0,nan,nan,nan,0.8934344771965969,0.2929562274578286,0.0,0.81095141030462,0.8109568978019595,0.0,0.0,0.0,q0_m90_d2_g5,0.36,0,0,0.0,0.0,36.77850879984908,80,46,1
30,qsnn,final_ema,0.051361734833293975,0.05690764629151239,0.057406325807317256,0.0004986795148048673,1,1373,-0.006044590974023281,0,0.006044590974023281,-0.18772602888905296,0.5726445492728367,0.23931121593950339,0.9264052106578546,0.8889536017030711,0.2674123330077292,0.0,0.8354570559188708,0.8365115738185652,2.7755575615628914e-17,0.07113230531630291,0.03219900303540574,q0_m90_d2_g5,0.36,0,0,0.0,0.0,36.77850879984908,80,46,0
30,vqc,best_ema,0.22868167355649832,0.2655504800687727,0.2660504427400893,0.000499962670316656,1,75732,-0.037368769183591,0,0.037368769183591,-0.04091537034203877,0.39489406428147467,0.06156073094814135,0.9805692656807562,0.9453950560487868,0.18432044114161977,0.0,0.9999999999999998,1.0,1.1102230246251565e-16,0.9276600064679548,0.9133186103706412,v0_d2_g5,0.36,900,980,-0.09645912848002691,-0.025431705934040625,54.63235280010849,80,48,1
30,vqc,final_ema,0.23290553392481875,0.2890959945738167,0.2895959851500823,0.0004999905752656186,1,57957,-0.05669045122526353,0,0.05669045122526353,-0.06166329730362324,0.41302255484133615,0.07968922150800284,0.9792827918437624,0.9477158598033717,0.18247758320337423,0.0,1.0,1.0000000000000002,1.1102230246251565e-16,0.9304894325126881,0.9193548464676813,v0_d2_g5,0.36,900,980,-0.09645912848002691,-0.025431705934040625,54.63235280010849,80,48,0
31,qsnn,best_ema,0.0,0.0,0.0,0.0,1,1,0.0,0,-0.0,0.0,nan,nan,nan,0.8977289099610456,0.2889542311734882,0.0,0.811099232866733,0.8109162498662961,0.0,0.0,0.0,q0_m90_d2_g5,0.36,0,0,0.0,0.0,36.618862700182945,80,46,1
31,qsnn,final_ema,0.025380591928062475,0.03952874788669463,0.04002771771324099,0.0004989698255463623,1,1837,-0.014647125785178516,0,0.014647125785178516,-0.20501439537908195,0.6008283554916737,0.26749502215834037,0.9287181354152939,0.8925087222090018,0.26251283451886837,0.0,0.8431859259848347,0.8461152782950376,6.938893903907228e-17,0.06521353143838117,0.07144437715261527,q0_m90_d2_g5,0.36,0,0,0.0,0.0,36.618862700182945,80,46,0
31,vqc,best_ema,0.0931588778275455,0.13113627422366309,0.1316362602646531,0.0004999860399900191,1,193646,-0.038477382437107605,0,0.038477382437107605,-0.03577134945036279,0.3906971729040539,0.05736383957072061,0.942426621234621,0.9147617204241348,0.2766251763474179,0.0,1.0000000000000009,1.0000000000000009,2.220446049250313e-16,0.9915998506573347,1.075648054331855,v0_d2_g5,0.36,200,500,-0.11360301623887088,-0.02586109042362153,54.085017800098285,80,48,1
31,vqc,final_ema,0.13214705156282378,0.39584255771123816,0.3963424817153867,0.0004999240031485774,1,40833,-0.26419543015256297,0,0.26419543015256297,-0.19956325326373464,0.5793436243595989,0.24601029102626554,0.9350725258404012,0.8090354188010321,0.39752040947322664,0.0,0.9999999999999987,0.9999999999999984,1.1102230246251565e-16,0.9537093830465817,1.3238681261795882,v0_d2_g5,0.36,200,500,-0.11360301623887088,-0.02586109042362153,54.085017800098285,80,48,0
32,qsnn,best_ema,0.0,0.0,0.0,0.0,1,1,0.0,0,-0.0,0.0,nan,nan,nan,0.9307706837400234,0.23942627174855474,0.0,0.8104272168167216,0.8106142175241684,0.0,0.0,0.0,q0_m90_d2_g5,0.36,0,0,0.0,0.0,35.820066699991,80,46,1
32,qsnn,final_ema,0.004627168841886765,0.009697409820598624,0.010194875975905314,0.0004974661543066892,1,803,-0.005567707134018549,0,0.005567707134018549,-0.21605526155597643,0.6264961693828855,0.29316283604955223,0.9190065761462755,0.8396821854180507,0.36853984288382907,0.0,0.8257549692075313,0.8255848578289833,1.1188966420050406e-16,0.018424212620506426,0.025769828949877463,q0_m90_d2_g5,0.36,0,0,0.0,0.0,35.820066699991,80,46,0
32,vqc,best_ema,0.23656199223501911,0.2838259486698495,0.2843259428112775,0.0004999941404280062,1,88976,-0.047763950576258374,0,0.047763950576258374,-0.045736802184889284,0.4019319740087943,0.06859864067546101,0.9766903660104825,0.9250179008421009,0.24661220903256234,0.0,1.0000000000000009,1.0000000000000004,3.3306690738754696e-16,0.9780476905888303,1.0443220403379847,v0_d2_g5,0.36,880,980,-0.06743719198408675,-0.027621559685692635,54.70756740006618,80,48,1
32,vqc,final_ema,0.23510289616288083,0.29649972767772015,0.29699971741998266,0.0004999897412625298,1,95412,-0.06189682125710183,0,0.06189682125710183,-0.05809439145461798,0.414059435855878,0.0807261025225447,0.9760762646310955,0.9362092676380592,0.231490113911206,0.0,1.0000000000000013,1.0000000000000016,3.3306690738754696e-16,0.9796119957273058,1.0654526143965932,v0_d2_g5,0.36,880,980,-0.06743719198408675,-0.027621559685692635,54.70756740006618,80,48,0
33,qsnn,best_ema,0.0,0.0,0.0,0.0,1,1,0.0,0,-0.0,0.0,nan,nan,nan,0.8721898876468916,0.32068861131412174,0.0,0.8105523065129352,0.8107349965159494,0.0,0.0,0.0,q0_m90_d2_g5,0.36,0,0,0.0,0.0,38.238531100098044,80,46,1
33,qsnn,final_ema,0.05213221206093058,0.06436118265596673,0.0648230405825952,0.0004618579256284727,1,303,-0.01269082852166463,0,0.01269082852166463,-0.2040251785270816,0.5817379813424683,0.24840464800913503,0.9428157780135892,0.8409183581144742,0.3767491562252481,0.0,0.8397936177258061,0.836068453559293,8.326672684688674e-17,0.09006112315688233,0.062202266471635966,q0_m90_d2_g5,0.36,0,0,0.0,0.0,38.238531100098044,80,46,0
33,vqc,best_ema,0.4075219509213277,0.48009639498137197,0.4805963611985907,0.0004999662162187835,1,45494,-0.07307441027726302,0,0.07307441027726302,-0.08549943254034587,0.44022031295457925,0.10688697962124594,0.9722696771220338,0.9058929161081447,0.2802091241881036,0.0,1.0000000000000002,1.0000000000000002,1.1102230246251565e-16,0.9979472088733157,0.8546771376848652,v0_d2_g5,0.36,560,960,-0.12507395041219568,-0.06806088679086006,54.171409300062805,80,48,1
33,vqc,final_ema,0.40321066459617166,0.49781233708809935,0.4983122787902482,0.0004999417011488649,1,34357,-0.09510161419407653,0,0.09510161419407653,-0.10605224135911066,0.463258695961325,0.1299253626279917,0.9697609589701728,0.9234511026496023,0.26255997124322955,0.0,0.9999999999999984,0.9999999999999984,2.220446049250313e-16,0.9967746926592467,0.8967430860046279,v0_d2_g5,0.36,560,960,-0.12507395041219568,-0.06806088679086006,54.171409300062805,80,48,0
34,qsnn,best_ema,0.0,0.0,0.0,0.0,1,1,0.0,0,-0.0,0.0,nan,nan,nan,0.8709796874074921,0.3241983994659352,0.0,0.8108049128880449,0.8108616425033632,0.0,0.0,0.0,q0_m90_d2_g5,0.36,0,0,0.0,0.0,37.140232200035825,80,46,1
34,qsnn,final_ema,0.007364992729574081,0.016762730045604086,0.017158509346620353,0.00039577930001626765,1,297,-0.009793516617046272,0,0.009793516617046272,-0.3985647897290391,nan,nan,0.7171555903708365,0.8764591248059375,0.30512611260870165,0.0,0.8373458777983873,0.8422418236164431,6.245004513516506e-17,0.01819763710989489,0.02457195635295409,q0_m90_d2_g5,0.36,0,0,0.0,0.0,37.140232200035825,80,46,0
34,vqc,best_ema,0.3150019343593252,0.39450721256850746,0.39500713658512043,0.0004999240156129958,1,40733,-0.08000520222579521,0,0.08000520222579521,-0.08610765015409201,0.44039012587160475,0.10705679253827144,0.974175816746692,0.9107610031051435,0.26763412257432834,0.0,0.9999999999999998,0.9999999999999998,1.1102230246251565e-16,0.9600864351163964,0.9291300143787886,v0_d2_g5,0.36,400,720,-0.12810295784382494,-0.05432957201750599,55.067769600078464,80,48,1
34,vqc,final_ema,0.2640170416334054,0.4384927678200304,0.43899272381784193,0.0004999559968115741,1,35254,-0.17497568218443654,0,0.17497568218443654,-0.1569241653375333,0.5215526346461399,0.18821930131280656,0.9550908611756886,0.8750720375674167,0.329507235590121,0.0,1.0,1.0000000000000002,3.3306690738754696e-16,0.9842018385564743,1.115033378116593,v0_d2_g5,0.36,400,720,-0.12810295784382494,-0.05432957201750599,55.067769600078464,80,48,0
35,qsnn,best_ema,0.0,0.0,0.0,0.0,1,1,0.0,0,-0.0,0.0,nan,nan,nan,0.8596108978506577,0.3381348688710295,0.0,0.810724081424781,0.8110541152923978,0.0,0.0,0.0,q0_m90_d2_g5,0.36,0,0,0.0,0.0,37.57322889985517,80,46,1
35,qsnn,final_ema,0.04048535880283849,0.045286296272020576,0.04577874966065959,0.000492453387639015,1,453,-0.005293390857821101,0,0.005293390857821101,-0.3874380173808511,nan,nan,0.5133523862604623,0.8436772758492286,0.31893254418974204,0.0,0.8336184021783504,0.8298863257439544,5.551115123125783e-17,0.04551997959425974,0.01366254889906094,q0_m90_d2_g5,0.36,0,0,0.0,0.0,37.57322889985517,80,46,0
35,vqc,best_ema,0.23708897857117534,0.3206097204152753,0.3211096960633724,0.0004999756470971395,1,41927,-0.08402071749219708,0,0.08402071749219708,-0.07923906715202354,0.4325172443119999,0.09918391097866658,0.9787307079866028,0.8419202175364385,0.33712579215926713,0.0,0.9999999999999993,0.999999999999999,3.3306690738754696e-16,0.9836290733531868,1.0603446066698354,v0_d2_g5,0.36,760,820,-0.07729217925664573,-0.05025969092531105,54.542716700118035,80,48,1
35,vqc,final_ema,0.21031497788279072,0.43076796862995115,0.431267961690038,0.0004999930590868784,1,56073,-0.2209529838072473,0,0.2209529838072473,-0.1895601652182393,0.5535577186146069,0.22022438528127358,0.940031608323859,0.9064580191961372,0.25474635751918073,0.0,1.0000000000000007,1.0000000000000004,1.1102230246251565e-16,0.9877137987096346,1.1656087319446344,v0_d2_g5,0.36,760,820,-0.07729217925664573,-0.05025969092531105,54.542716700118035,80,48,0
36,qsnn,best_ema,0.0,0.0,0.0,0.0,1,1,0.0,0,-0.0,0.0,nan,nan,nan,0.9132061544774187,0.26868722844374066,0.0,0.8110179096820482,0.811232223537001,0.0,0.0,0.0,q0_m90_d2_g5,0.36,0,0,0.0,0.0,37.83950449991971,80,46,1
36,qsnn,final_ema,-0.002620499338972735,4.82331835682092e-05,0.00017568210907322238,0.00012744892450501318,1,297,-0.002796181448045957,0,0.002796181448045957,-0.4755174188984851,nan,nan,0.4919886021131741,0.8296295074579404,0.3493270929473353,0.0,0.8234669283941083,0.8264787719581802,6.938893903907228e-17,0.005704610256500233,0.0058802923655734566,q0_m90_d2_g5,0.36,0,0,0.0,0.0,37.83950449991971,80,46,0
36,vqc,best_ema,0.4113788601212512,0.5505985599218335,0.5510985320830445,0.0004999721602110263,1,41002,-0.1397196719617933,0,0.1397196719617933,-0.13151886064964902,0.5267693979801896,0.1934360646468563,0.9087297561824944,0.8621588536792237,0.3366730199871843,0.0,0.9999999999999993,0.999999999999999,2.220446049250313e-16,0.9874358727437076,1.06235464078411,v0_d2_g5,0.36,500,660,-0.15601662940444688,-0.12260739607622109,54.47541150008328,80,48,1
36,vqc,final_ema,0.3757388364236289,0.5577617818197841,0.5582617042410649,0.0004999224202808517,1,38374,-0.18252286781743604,0,0.18252286781743604,-0.1540365913402885,0.581146359714145,0.24781302638081165,0.8861930519051284,0.9219041815256416,0.21838396214008227,0.0,1.0000000000000013,1.000000000000001,2.220446049250313e-16,0.9340359098254685,1.1849318803362596,v0_d2_g5,0.36,500,660,-0.15601662940444688,-0.12260739607622109,54.47541150008328,80,48,0
37,qsnn,best_ema,0.0,0.0,0.0,0.0,1,1,0.0,0,-0.0,0.0,nan,nan,nan,0.9089938552478202,0.271877845828867,0.0,0.8106289859829978,0.8104706462107882,0.0,0.0,0.0,q0_m90_d2_g5,0.36,0,0,0.0,0.0,37.96366290003061,80,46,1
37,qsnn,final_ema,0.028560950785360948,0.041204973678006525,0.04170492863005153,0.0004999549510450035,1,4750,-0.013143977844690579,0,0.013143977844690579,-0.19956955632244305,0.6197420568183715,0.28640872348503815,0.8742804017481348,0.8130313656146213,0.37196304962132704,0.0,0.8200765773061114,0.819205051572148,9.71445146547012e-17,0.0664828069487725,0.06586163785148648,q0_m90_d2_g5,0.36,0,0,0.0,0.0,37.96366290003061,80,46,0
37,vqc,best_ema,0.21395244191832474,0.28576145690452875,0.28626142911703467,0.0004999722115059391,1,83667,-0.07230898719870993,0,0.07230898719870993,-0.06760545930594557,0.4229644025783034,0.08963106924497011,0.9679619398521222,0.9442978874967607,0.21121536647122113,0.0,1.0000000000000009,1.0000000000000009,2.7755575615628914e-16,0.9632717459798783,1.0695731963224855,v0_d2_g5,0.36,820,980,-0.11116348735120024,-0.05857915871281792,53.98717820015736,80,48,1
37,vqc,final_ema,0.21298199455511677,0.28421432171618494,0.28471431779092515,0.0004999960737402387,1,111797,-0.07173232323580839,0,0.07173232323580839,-0.06755481220080975,0.42241324574101496,0.08907991240768165,0.9692397874328145,0.939115086508292,0.2242799750068113,0.0,0.9999999999999996,0.9999999999999991,3.3306690738754696e-16,0.962594978134744,1.061838837218299,v0_d2_g5,0.36,820,980,-0.11116348735120024,-0.05857915871281792,53.98717820015736,80,48,0
38,qsnn,best_ema,0.0,0.0,0.0,0.0,1,1,0.0,0,-0.0,0.0,nan,nan,nan,0.8837720173469326,0.29865839011647227,0.0,0.8105307946850129,0.8106787205164164,0.0,0.0,0.0,q0_m90_d2_g5,0.36,0,0,0.0,0.0,36.893761599902064,80,46,1
38,qsnn,final_ema,0.09241697580819584,0.09399796682853717,0.09449752415715978,0.0004995573276226073,1,3411,-0.0020805483489639426,0,0.0020805483489639426,-0.047852828413765904,0.40022446968815434,0.06689113635482102,0.9913618443568086,0.9114171925502129,0.24201703205627456,0.0,0.8407579947999216,0.8418277467089335,6.938893903907228e-17,0.12556271959299647,0.04347806426349979,q0_m90_d2_g5,0.36,0,0,0.0,0.0,36.893761599902064,80,46,0
38,vqc,best_ema,0.14631295780896153,0.2051330916385804,0.2056330773074269,0.0004999856678464809,1,100474,-0.05932011949846536,0,0.05932011949846536,-0.05268461816715356,0.4119986923819537,0.07866535904862038,0.9711240466851321,0.8430829321619768,0.291924919415591,0.0,1.0,0.9999999999999998,1.6653345369377348e-16,0.9203145248989556,1.1259476022063823,v0_d2_g5,0.36,360,960,-0.11077307525423237,-0.04785621021955355,54.99940379988402,80,48,1
38,vqc,final_ema,0.14508001079720084,0.2695216246209936,0.27002162192499873,0.0004999973030051508,1,48778,-0.12494161112779789,0,0.12494161112779789,-0.10474828928943243,0.46937240117806356,0.13603906784473024,0.9630141866252331,0.8482065766794367,0.2551476023933095,0.0,1.0000000000000009,1.0000000000000009,4.440892098500626e-16,0.9227578685597463,1.192779490484745,v0_d2_g5,0.36,360,960,-0.11077307525423237,-0.04785621021955355,54.99940379988402,80,48,0
39,qsnn,best_ema,0.0,0.0,0.0,0.0,1,1,0.0,0,-0.0,0.0,nan,nan,nan,0.9045911626499893,0.25781819771432984,0.0,0.8107412804240204,0.8111303951476421,0.0,0.0,0.0,q0_m90_d2_g5,0.36,0,0,0.0,0.0,36.710651400033385,80,46,1
39,qsnn,final_ema,0.050094756814769915,0.057117699270428146,0.05712143167914179,3.7324077136469125e-06,1,306,-0.007026674864371876,0,0.007026674864371876,-0.3907268888775528,nan,nan,0.7891008915902729,0.8433898319525035,0.3512309300616322,0.0,0.8237199431753937,0.827244045389622,1.249000902703301e-16,0.0587072387981009,0.017983596891827727,q0_m90_d2_g5,0.36,0,0,0.0,0.0,36.710651400033385,80,46,0
39,vqc,best_ema,0.2593046749141067,0.3263245651878325,0.32682451714657196,0.0004999519577394973,1,70388,-0.06751984223246527,0,0.06751984223246527,-0.06258418033566182,0.4213859083013354,0.08805257496800206,0.9644962868220521,0.8527257286829415,0.2693102817461114,0.0,1.0000000000000002,1.0,2.220446049250313e-16,0.9819295336906682,1.0788643690838753,v0_d2_g5,0.36,680,780,-0.12120220703312035,-0.046758046306742136,54.677721299929544,80,48,1
39,vqc,final_ema,0.28566151340908486,0.3810693322929689,0.3815693165069945,0.000499984213025606,1,80413,-0.09590780309790964,0,0.09590780309790964,-0.08060844311884302,0.45060459321364127,0.11727125988030795,0.9366613567948847,0.8572110710025753,0.32376892207897046,0.0,1.0,1.0,2.220446049250313e-16,0.980771815057305,1.1897984799993022,v0_d2_g5,0.36,680,780,-0.12120220703312035,-0.046758046306742136,54.677721299929544,80,48,0
