target_p,model,seed,candidate,variant,shots_per_pauli,repetitions,true_witness_expectation,theoretical_standard_error,mean_estimate,empirical_standard_deviation,certification_probability
0.6,qsnn,20,q0_m90_d2_g5,best_ema,100,2000,-0.12811771001804154,0.025566381763157647,-0.12801477452545573,0.02455746754528597,0.999
0.6,qsnn,20,q0_m90_d2_g5,best_ema,500,2000,-0.12811771001804154,0.011433633512226284,-0.12795240414569026,0.011594844931239913,1.0
0.6,qsnn,20,q0_m90_d2_g5,best_ema,1000,2000,-0.12811771001804154,0.008084799790096967,-0.1280302578726668,0.008085147191224872,1.0
0.6,qsnn,20,q0_m90_d2_g5,best_ema,5000,2000,-0.12811771001804154,0.0036156323830265707,-0.12823129908386455,0.0036014800388290288,1.0
0.6,qsnn,20,q0_m90_d2_g5,best_ema,10000,2000,-0.12811771001804154,0.002556638176315765,-0.12818769618158232,0.0025240188916179356,1.0
0.6,vqc,20,v0_d2_g5,best_ema,100,2000,-0.32232450138276536,0.06388370359671061,-0.32369343381930604,0.06387758582411368,0.9985
0.6,vqc,20,v0_d2_g5,best_ema,500,2000,-0.32232450138276536,0.028569660779338545,-0.3211324039263427,0.02895958726887903,1.0
0.6,vqc,20,v0_d2_g5,best_ema,1000,2000,-0.32232450138276536,0.02020180087326963,-0.3221590671493725,0.020215492179569246,1.0
0.6,vqc,20,v0_d2_g5,best_ema,5000,2000,-0.32232450138276536,0.009034520004109101,-0.3219332518005625,0.008808220676457935,1.0
0.6,vqc,20,v0_d2_g5,best_ema,10000,2000,-0.32232450138276536,0.00638837035967106,-0.32228276793820393,0.006326202605125417,1.0
0.6,qsnn,21,q0_m90_d2_g5,best_ema,100,2000,-0.07233504720279907,0.014018329640685076,-0.07233807808648343,0.013930462273115597,0.9995
0.6,qsnn,21,q0_m90_d2_g5,best_ema,500,2000,-0.07233504720279907,0.006269187601514407,-0.0722946464454128,0.006281774110390621,1.0
0.6,qsnn,21,q0_m90_d2_g5,best_ema,1000,2000,-0.07233504720279907,0.004432985065561465,-0.07237557106656962,0.004472300726218776,1.0
0.6,qsnn,21,q0_m90_d2_g5,best_ema,5000,2000,-0.07233504720279907,0.001982491189967359,-0.07230645609318243,0.0019828348798757857,1.0
0.6,qsnn,21,q0_m90_d2_g5,best_ema,10000,2000,-0.07233504720279907,0.0014018329640685073,-0.07229378108834641,0.0014399999780101923,1.0
0.6,vqc,21,v0_d2_g5,best_ema,100,2000,-0.3542311803753872,0.06570764313303373,-0.35512393719597035,0.06391358521992534,0.999
0.6,vqc,21,v0_d2_g5,best_ema,500,2000,-0.3542311803753872,0.029385351337352136,-0.35452676784563086,0.030105874207806374,1.0
0.6,vqc,21,v0_d2_g5,best_ema,1000,2000,-0.3542311803753872,0.020778581198190878,-0.3543154817964397,0.020063685873259126,1.0
0.6,vqc,21,v0_d2_g5,best_ema,5000,2000,-0.3542311803753872,0.009292464007030769,-0.35427698505397814,0.009173216264466143,1.0
0.6,vqc,21,v0_d2_g5,best_ema,10000,2000,-0.3542311803753872,0.006570764313303374,-0.35426012306193394,0.006446722674644005,1.0
0.6,qsnn,22,q0_m90_d2_g5,best_ema,100,2000,-0.23038121190716665,0.045904174528879654,-0.22949910973916696,0.04663363580044125,0.9985
0.6,qsnn,22,q0_m90_d2_g5,best_ema,500,2000,-0.23038121190716665,0.020528970939517856,-0.23036471426293975,0.021248800787647567,1.0
0.6,qsnn,22,q0_m90_d2_g5,best_ema,1000,2000,-0.23038121190716665,0.014516174562114646,-0.22993888854799577,0.014353162376899067,1.0
0.6,qsnn,22,q0_m90_d2_g5,best_ema,5000,2000,-0.23038121190716665,0.006491830618828319,-0.23025346870657257,0.006525052166774386,1.0
0.6,qsnn,22,q0_m90_d2_g5,best_ema,10000,2000,-0.23038121190716665,0.004590417452887965,-0.23037540650282642,0.004479383961777414,1.0
0.6,vqc,22,v0_d2_g5,best_ema,100,2000,-0.2922509800036958,0.05863514401454677,-0.2898478595588452,0.059767002850971224,0.9975
0.6,vqc,22,v0_d2_g5,best_ema,500,2000,-0.2922509800036958,0.0262224335774033,-0.2921547503489129,0.026557212402782533,1.0
0.6,vqc,22,v0_d2_g5,best_ema,1000,2000,-0.2922509800036958,0.01854206060179569,-0.29258624956991697,0.018826610436811057,1.0
0.6,vqc,22,v0_d2_g5,best_ema,5000,2000,-0.2922509800036958,0.008292261589707164,-0.29230624234483366,0.008440096977048329,1.0
0.6,vqc,22,v0_d2_g5,best_ema,10000,2000,-0.2922509800036958,0.005863514401454676,-0.2923255805845988,0.005883260080460233,1.0
0.6,qsnn,23,q0_m90_d2_g5,best_ema,100,2000,-0.21053187384221822,0.040843760836705045,-0.2100497077669379,0.040653635674786755,0.999
0.6,qsnn,23,q0_m90_d2_g5,best_ema,500,2000,-0.21053187384221822,0.018265885137523235,-0.21011330375706389,0.01832703486555858,1.0
0.6,qsnn,23,q0_m90_d2_g5,best_ema,1000,2000,-0.21053187384221822,0.012915931245117251,-0.21074375486611213,0.012929741844910423,1.0
0.6,qsnn,23,q0_m90_d2_g5,best_ema,5000,2000,-0.21053187384221822,0.0057761800513591345,-0.2103980123203589,0.00588123985022366,1.0
0.6,qsnn,23,q0_m90_d2_g5,best_ema,10000,2000,-0.21053187384221822,0.004084376083670504,-0.2105308286863754,0.004039341510011849,1.0
0.6,vqc,23,v0_d2_g5,best_ema,100,2000,-0.36306296608735134,0.06631254152770631,-0.3632742440941859,0.06604946463831654,0.9995
0.6,vqc,23,v0_d2_g5,best_ema,500,2000,-0.36306296608735134,0.029655870123345814,-0.3636364838482054,0.029671574150583264,1.0
0.6,vqc,23,v0_d2_g5,best_ema,1000,2000,-0.36306296608735134,0.02096986686620536,-0.3642126537667922,0.020455112670605013,1.0
0.6,vqc,23,v0_d2_g5,best_ema,5000,2000,-0.36306296608735134,0.009378009558391133,-0.3631939618688545,0.009276990305945225,1.0
0.6,vqc,23,v0_d2_g5,best_ema,10000,2000,-0.36306296608735134,0.00663125415277063,-0.36296048110670553,0.006693284619592503,1.0
0.6,qsnn,24,q0_m90_d2_g5,best_ema,100,2000,-0.1893692232907345,0.03529807292887385,-0.18892471637865255,0.03464444764031321,1.0
0.6,qsnn,24,q0_m90_d2_g5,best_ema,500,2000,-0.1893692232907345,0.015785778108741405,-0.18918822782534744,0.015996198111677695,1.0
0.6,qsnn,24,q0_m90_d2_g5,best_ema,1000,2000,-0.1893692232907345,0.011162230746997202,-0.1892651250660731,0.011187015449066397,1.0
0.6,qsnn,24,q0_m90_d2_g5,best_ema,5000,2000,-0.1893692232907345,0.0049919013461648,-0.1895083784050451,0.00496317174285835,1.0
0.6,qsnn,24,q0_m90_d2_g5,best_ema,10000,2000,-0.1893692232907345,0.003529807292887385,-0.18936629912889277,0.003539228523397655,1.0
0.6,vqc,24,v0_d2_g5,best_ema,100,2000,-0.33367923260045834,0.0648965996143324,-0.3339043414656131,0.0651363689379943,0.9995
0.6,vqc,24,v0_d2_g5,best_ema,500,2000,-0.33367923260045834,0.02902264164924678,-0.33322480200602705,0.02842192779385091,1.0
0.6,vqc,24,v0_d2_g5,best_ema,1000,2000,-0.33367923260045834,0.020522106718129523,-0.33373088293613523,0.021076386230067003,1.0
0.6,vqc,24,v0_d2_g5,best_ema,5000,2000,-0.33367923260045834,0.009177765132648546,-0.33352154305080606,0.009234420193899827,1.0
0.6,vqc,24,v0_d2_g5,best_ema,10000,2000,-0.33367923260045834,0.00648965996143324,-0.33362210537219755,0.006507115792427315,1.0
0.6,qsnn,25,q0_m90_d2_g5,best_ema,100,2000,-0.15757244306695511,0.03042146737294775,-0.15735150035711679,0.029098673574138513,0.9995
0.6,qsnn,25,q0_m90_d2_g5,best_ema,500,2000,-0.15757244306695511,0.013604893804240624,-0.15699787606014917,0.013847365108274255,1.0
0.6,qsnn,25,q0_m90_d2_g5,best_ema,1000,2000,-0.15757244306695511,0.009620112666301391,-0.1577879077379526,0.00969784223620948,1.0
0.6,qsnn,25,q0_m90_d2_g5,best_ema,5000,2000,-0.15757244306695511,0.004302245174611332,-0.15753261933488413,0.004169498100393816,1.0
0.6,qsnn,25,q0_m90_d2_g5,best_ema,10000,2000,-0.15757244306695511,0.003042146737294775,-0.1575706340435707,0.003016161396660011,1.0
0.6,vqc,25,v0_d2_g5,best_ema,100,2000,-0.2683091466457551,0.06011670285138066,-0.2681752886029204,0.060870434362703146,0.9925
0.6,vqc,25,v0_d2_g5,best_ema,500,2000,-0.2683091466457551,0.026885006831768518,-0.2684155489082352,0.027315895857258386,1.0
0.6,vqc,25,v0_d2_g5,best_ema,1000,2000,-0.2683091466457551,0.019010570642990176,-0.2682633682749989,0.01941149229589649,1.0
0.6,vqc,25,v0_d2_g5,best_ema,5000,2000,-0.2683091466457551,0.008501785649757584,-0.26812264973006167,0.008750430289219163,1.0
0.6,vqc,25,v0_d2_g5,best_ema,10000,2000,-0.2683091466457551,0.006011670285138065,-0.26828332499413066,0.006079803198891186,1.0
0.6,qsnn,26,q0_m90_d2_g5,best_ema,100,2000,-0.13889937470561406,0.027380163588137715,-0.13866813411586462,0.027347814393940427,0.9985
0.6,qsnn,26,q0_m90_d2_g5,best_ema,500,2000,-0.13889937470561406,0.012244781403628098,-0.13861371776000142,0.011909644622768435,1.0
0.6,qsnn,26,q0_m90_d2_g5,best_ema,1000,2000,-0.13889937470561406,0.00865836796465236,-0.1388943350647821,0.00885115353207054,1.0
0.6,qsnn,26,q0_m90_d2_g5,best_ema,5000,2000,-0.13889937470561406,0.0038721398686338347,-0.13880027317585966,0.003877479551928174,1.0
0.6,qsnn,26,q0_m90_d2_g5,best_ema,10000,2000,-0.13889937470561406,0.002738016358813772,-0.13890357943668716,0.002717624832563343,1.0
0.6,vqc,26,v0_d2_g5,best_ema,100,2000,-0.34662841605152034,0.06389595180135707,-0.346396434149653,0.06492700033488154,1.0
0.6,vqc,26,v0_d2_g5,best_ema,500,2000,-0.34662841605152034,0.02857513834297691,-0.3467025389642548,0.028205911568279483,1.0
0.6,vqc,26,v0_d2_g5,best_ema,1000,2000,-0.34662841605152034,0.020205674095662696,-0.3464698841561707,0.020036480195863047,1.0
0.6,vqc,26,v0_d2_g5,best_ema,5000,2000,-0.34662841605152034,0.009036252161821676,-0.34675446779617103,0.009224328574572681,1.0
0.6,vqc,26,v0_d2_g5,best_ema,10000,2000,-0.34662841605152034,0.006389595180135706,-0.3468129184098191,0.006374637483064161,1.0
0.6,qsnn,27,q0_m90_d2_g5,best_ema,100,2000,-0.14348013525120412,0.02797634043632052,-0.14410913346515566,0.02807531638854859,1.0
0.6,qsnn,27,q0_m90_d2_g5,best_ema,500,2000,-0.14348013525120412,0.012511399795457763,-0.14334127006101724,0.012183998903196666,1.0
0.6,qsnn,27,q0_m90_d2_g5,best_ema,1000,2000,-0.14348013525120412,0.008846895637504168,-0.14361827730309384,0.008579186016211757,1.0
0.6,qsnn,27,q0_m90_d2_g5,best_ema,5000,2000,-0.14348013525120412,0.003956452007061131,-0.1435214195283028,0.0038832405703883932,1.0
0.6,qsnn,27,q0_m90_d2_g5,best_ema,10000,2000,-0.14348013525120412,0.002797634043632052,-0.14346288887074618,0.0027994906229986747,1.0
0.6,vqc,27,v0_d2_g5,best_ema,100,2000,-0.344502604731136,0.06683622359416282,-0.3443363944740384,0.06635816446762426,0.999
0.6,vqc,27,v0_d2_g5,best_ema,500,2000,-0.344502604731136,0.029890067863184672,-0.3443117309069634,0.03049497095363964,1.0
0.6,vqc,27,v0_d2_g5,best_ema,1000,2000,-0.344502604731136,0.02113546967618398,-0.3441440608251214,0.02146112286875105,1.0
0.6,vqc,27,v0_d2_g5,best_ema,5000,2000,-0.344502604731136,0.00945206938646657,-0.3445271994316273,0.009731406353366938,1.0
0.6,vqc,27,v0_d2_g5,best_ema,10000,2000,-0.344502604731136,0.006683622359416281,-0.3444534714531836,0.0066901012509758065,1.0
0.6,qsnn,28,q0_m90_d2_g5,best_ema,100,2000,-0.1821108874505989,0.04033765301296748,-0.18197183306549702,0.04140258182457316,0.994
0.6,qsnn,28,q0_m90_d2_g5,best_ema,500,2000,-0.1821108874505989,0.018039546837958897,-0.1822921624810055,0.018408038471464473,1.0
0.6,qsnn,28,q0_m90_d2_g5,best_ema,1000,2000,-0.1821108874505989,0.012755885898653077,-0.18207373955208236,0.01283187267643393,1.0
0.6,qsnn,28,q0_m90_d2_g5,best_ema,5000,2000,-0.1821108874505989,0.005704605596523855,-0.182085421431217,0.0055661222664783435,1.0
0.6,qsnn,28,q0_m90_d2_g5,best_ema,10000,2000,-0.1821108874505989,0.004033765301296748,-0.18215755826862903,0.003975174319367243,1.0
0.6,vqc,28,v0_d2_g5,best_ema,100,2000,-0.33438129533673594,0.06582914913561069,-0.33390321343873314,0.06629954624732758,0.999
0.6,vqc,28,v0_d2_g5,best_ema,500,2000,-0.33438129533673594,0.029439690473639403,-0.3337340965328222,0.030368577465863602,1.0
0.6,vqc,28,v0_d2_g5,best_ema,1000,2000,-0.33438129533673594,0.020817004769943425,-0.3338469201223711,0.020340398040305813,1.0
0.6,vqc,28,v0_d2_g5,best_ema,5000,2000,-0.33438129533673594,0.009309647550706174,-0.33440788327327686,0.009190220183362404,1.0
0.6,vqc,28,v0_d2_g5,best_ema,10000,2000,-0.33438129533673594,0.006582914913561068,-0.3344611268597912,0.0066077802559441805,1.0
0.6,qsnn,29,q0_m90_d2_g5,best_ema,100,2000,-0.1471329668370535,0.02997850819975669,-0.14737629055527912,0.02952108718359276,1.0
0.6,qsnn,29,q0_m90_d2_g5,best_ema,500,2000,-0.1471329668370535,0.013406796439738163,-0.1468515638215588,0.013306550882900685,1.0
0.6,qsnn,29,q0_m90_d2_g5,best_ema,1000,2000,-0.1471329668370535,0.009480036676526518,-0.147033517168892,0.00922191877595802,1.0
0.6,qsnn,29,q0_m90_d2_g5,best_ema,5000,2000,-0.1471329668370535,0.004239601287580896,-0.14724141651417152,0.004239354600013157,1.0
0.6,qsnn,29,q0_m90_d2_g5,best_ema,10000,2000,-0.1471329668370535,0.002997850819975669,-0.1471920624122721,0.00305973130232241,1.0
0.6,vqc,29,v0_d2_g5,best_ema,100,2000,-0.32445484240802935,0.06428944644764982,-0.3239415924535158,0.06287204426809795,0.999
0.6,vqc,29,v0_d2_g5,best_ema,500,2000,-0.32445484240802935,0.028751114498555472,-0.32473363631044594,0.027797124478981132,1.0
0.6,vqc,29,v0_d2_g5,best_ema,1000,2000,-0.32445484240802935,0.02033010802859944,-0.3248489747739485,0.020868277393121807,1.0
0.6,vqc,29,v0_d2_g5,best_ema,5000,2000,-0.32445484240802935,0.009091900708372519,-0.3244722773279136,0.009163582128981499,1.0
0.6,vqc,29,v0_d2_g5,best_ema,10000,2000,-0.32445484240802935,0.0064289446447649825,-0.3245993307785292,0.0064334030588018365,1.0
0.6,qsnn,30,q0_m90_d2_g5,best_ema,100,2000,-0.22253390192233058,0.04267628065190855,-0.22268946217211855,0.04252505148063794,1.0
0.6,qsnn,30,q0_m90_d2_g5,best_ema,500,2000,-0.22253390192233058,0.019085412912905313,-0.22261002751437836,0.018802601127779563,1.0
0.6,qsnn,30,q0_m90_d2_g5,best_ema,1000,2000,-0.22253390192233058,0.013495424892460646,-0.22210531367862138,0.013496155612575231,1.0
0.6,qsnn,30,q0_m90_d2_g5,best_ema,5000,2000,-0.22253390192233058,0.006035337488956958,-0.2224580858500352,0.00587260297684083,1.0
0.6,qsnn,30,q0_m90_d2_g5,best_ema,10000,2000,-0.22253390192233058,0.004267628065190855,-0.22254711438150998,0.004327140951358367,1.0
0.6,vqc,30,v0_d2_g5,best_ema,100,2000,-0.31747302633896035,0.06316284135620971,-0.3187053570634134,0.06291654828272333,1.0
0.6,vqc,30,v0_d2_g5,best_ema,500,2000,-0.31747302633896035,0.028247281384903983,-0.3177068401672582,0.02906624169495386,1.0
0.6,vqc,30,v0_d2_g5,best_ema,1000,2000,-0.31747302633896035,0.01997384421735014,-0.3176344954145177,0.019265530420199017,1.0
0.6,vqc,30,v0_d2_g5,best_ema,5000,2000,-0.31747302633896035,0.008932574688397199,-0.31743305232652685,0.0089050467767467,1.0
0.6,vqc,30,v0_d2_g5,best_ema,10000,2000,-0.31747302633896035,0.00631628413562097,-0.31740723310699853,0.0063874313470192135,1.0
0.6,qsnn,31,q0_m90_d2_g5,best_ema,100,2000,-0.2482522426340582,0.04760759183385872,-0.24691289433821106,0.04771766130687749,0.9995
0.6,qsnn,31,q0_m90_d2_g5,best_ema,500,2000,-0.2482522426340582,0.02129076231711439,-0.24887801604893492,0.021256676076058436,1.0
0.6,qsnn,31,q0_m90_d2_g5,best_ema,1000,2000,-0.2482522426340582,0.0150548424110626,-0.24781984785044647,0.014920641566490547,1.0
0.6,qsnn,31,q0_m90_d2_g5,best_ema,5000,2000,-0.2482522426340582,0.00673273020433656,-0.24825617098373085,0.006668635855798304,1.0
0.6,qsnn,31,q0_m90_d2_g5,best_ema,10000,2000,-0.2482522426340582,0.004760759183385871,-0.2480922611953797,0.004741637562954813,1.0
0.6,vqc,31,v0_d2_g5,best_ema,100,2000,-0.37007524505789613,0.06711391817836379,-0.3725589163787931,0.06661928979426289,1.0
0.6,vqc,31,v0_d2_g5,best_ema,500,2000,-0.37007524505789613,0.03001425665663606,-0.36920202984526235,0.02975432464064313,1.0
0.6,vqc,31,v0_d2_g5,best_ema,1000,2000,-0.37007524505789613,0.021223284414180834,-0.37055595632308613,0.020963941865467135,1.0
0.6,vqc,31,v0_d2_g5,best_ema,5000,2000,-0.37007524505789613,0.009491341331184028,-0.36984227489968186,0.009623983808718609,1.0
0.6,vqc,31,v0_d2_g5,best_ema,10000,2000,-0.37007524505789613,0.00671139181783638,-0.3699220326956468,0.006595805273544434,1.0
0.6,qsnn,32,q0_m90_d2_g5,best_ema,100,2000,-0.18656278797475195,0.037115875876549374,-0.18592630572747126,0.03819655242391997,0.997
0.6,qsnn,32,q0_m90_d2_g5,best_ema,500,2000,-0.18656278797475195,0.016598724300881797,-0.1868683467234211,0.016682082453312156,1.0
0.6,qsnn,32,q0_m90_d2_g5,best_ema,1000,2000,-0.18656278797475195,0.011737070512199455,-0.18623679549587227,0.011692652139629278,1.0
0.6,qsnn,32,q0_m90_d2_g5,best_ema,5000,2000,-0.18656278797475195,0.005248977504397251,-0.18650256508661223,0.005374537232931525,1.0
0.6,qsnn,32,q0_m90_d2_g5,best_ema,10000,2000,-0.18656278797475195,0.0037115875876549374,-0.18657567930090208,0.003691793396285723,1.0
0.6,vqc,32,v0_d2_g5,best_ema,100,2000,-0.31696402239928567,0.06619976615158872,-0.3182886220877966,0.06551658882892229,0.998
0.6,vqc,32,v0_d2_g5,best_ema,500,2000,-0.31696402239928567,0.029605435441908412,-0.3159469114108366,0.02984044813757266,1.0
0.6,vqc,32,v0_d2_g5,best_ema,1000,2000,-0.31696402239928567,0.020934204160953988,-0.3177071485651458,0.02014491775847913,1.0
0.6,vqc,32,v0_d2_g5,best_ema,5000,2000,-0.31696402239928567,0.009362060711750414,-0.31684503627709215,0.009342405039536929,1.0
0.6,vqc,32,v0_d2_g5,best_ema,10000,2000,-0.31696402239928567,0.006619976615158873,-0.31700047463783665,0.006501861097775818,1.0
0.6,qsnn,33,q0_m90_d2_g5,best_ema,100,2000,-0.1415243906571878,0.02782702027702049,-0.14030127886609672,0.02785738163822487,0.997
0.6,qsnn,33,q0_m90_d2_g5,best_ema,500,2000,-0.1415243906571878,0.012444621790136568,-0.14159648626066126,0.012632166122872789,1.0
0.6,qsnn,33,q0_m90_d2_g5,best_ema,1000,2000,-0.1415243906571878,0.00879967645710744,-0.14125950575907434,0.008714850023529234,1.0
0.6,qsnn,33,q0_m90_d2_g5,best_ema,5000,2000,-0.1415243906571878,0.00393533494761935,-0.14142628563558218,0.003927316744473316,1.0
0.6,qsnn,33,q0_m90_d2_g5,best_ema,10000,2000,-0.1415243906571878,0.0027827020277020487,-0.1415552667366021,0.002824832717988017,1.0
0.6,vqc,33,v0_d2_g5,best_ema,100,2000,-0.3048907713395125,0.06089242036990736,-0.30516025715965384,0.05974224612884215,0.9995
0.6,vqc,33,v0_d2_g5,best_ema,500,2000,-0.3048907713395125,0.027231918252321147,-0.30563583434808267,0.027434192308935682,1.0
0.6,vqc,33,v0_d2_g5,best_ema,1000,2000,-0.3048907713395125,0.019255874060934,-0.30459443800499253,0.019285319698269587,1.0
0.6,vqc,33,v0_d2_g5,best_ema,5000,2000,-0.3048907713395125,0.008611488673284672,-0.30492491696633034,0.00849426327189397,1.0
0.6,vqc,33,v0_d2_g5,best_ema,10000,2000,-0.3048907713395125,0.006089242036990736,-0.30492292791549014,0.006023039815800686,1.0
0.6,qsnn,34,q0_m90_d2_g5,best_ema,100,2000,-0.14145579401660863,0.02995025405694647,-0.14130630132097496,0.029993096204792614,0.995
0.6,qsnn,34,q0_m90_d2_g5,best_ema,500,2000,-0.14145579401660863,0.013394160802944232,-0.141662617352802,0.013367599710515094,1.0
0.6,qsnn,34,q0_m90_d2_g5,best_ema,1000,2000,-0.14145579401660863,0.00947110193206492,-0.14134238476120295,0.009187754951019643,1.0
0.6,qsnn,34,q0_m90_d2_g5,best_ema,5000,2000,-0.14145579401660863,0.004235605548385351,-0.14136842139090577,0.004263881723145041,1.0
0.6,qsnn,34,q0_m90_d2_g5,best_ema,10000,2000,-0.14145579401660863,0.002995025405694647,-0.14142665233995472,0.002991184742093891,1.0
0.6,vqc,34,v0_d2_g5,best_ema,100,2000,-0.34797782936622734,0.06602323966985063,-0.348140140997615,0.06827500813184643,0.9995
0.6,vqc,34,v0_d2_g5,best_ema,500,2000,-0.34797782936622734,0.029526490399309355,-0.3471057295145469,0.029688515307290737,1.0
0.6,vqc,34,v0_d2_g5,best_ema,1000,2000,-0.34797782936622734,0.020878381585991135,-0.3482312009819544,0.020912129497615818,1.0
0.6,vqc,34,v0_d2_g5,best_ema,5000,2000,-0.34797782936622734,0.009337096097291211,-0.3484136133510452,0.009222205806084433,1.0
0.6,vqc,34,v0_d2_g5,best_ema,10000,2000,-0.34797782936622734,0.0066023239669850626,-0.34807613090038,0.006642756536004936,1.0
0.6,qsnn,35,q0_m90_d2_g5,best_ema,100,2000,-0.14171092103816813,0.027938716374707902,-0.14300124348445603,0.02822245719998007,0.998
0.6,qsnn,35,q0_m90_d2_g5,best_ema,500,2000,-0.14171092103816813,0.012494573803586673,-0.1413726415444654,0.012871668624262618,1.0
0.6,qsnn,35,q0_m90_d2_g5,best_ema,1000,2000,-0.14171092103816813,0.00883499786455193,-0.1417876439650987,0.008854739042212524,1.0
0.6,qsnn,35,q0_m90_d2_g5,best_ema,5000,2000,-0.14171092103816813,0.003951131161240719,-0.14172192018756646,0.003951223116540272,1.0
0.6,qsnn,35,q0_m90_d2_g5,best_ema,10000,2000,-0.14171092103816813,0.0027938716374707904,-0.14170607433454546,0.002876929004490036,1.0
0.6,vqc,35,v0_d2_g5,best_ema,100,2000,-0.3218260037583034,0.06216155895832473,-0.32050529491895985,0.06230245681193002,0.999
0.6,vqc,35,v0_d2_g5,best_ema,500,2000,-0.3218260037583034,0.02779949428363503,-0.32111981988642535,0.02820557570146003,1.0
0.6,vqc,35,v0_d2_g5,best_ema,1000,2000,-0.3218260037583034,0.019657210921514994,-0.32177183254834196,0.01969387107444166,1.0
0.6,vqc,35,v0_d2_g5,best_ema,5000,2000,-0.3218260037583034,0.00879097197371176,-0.32163263926703645,0.008705344982680274,1.0
0.6,vqc,35,v0_d2_g5,best_ema,10000,2000,-0.3218260037583034,0.006216155895832474,-0.3219471047602882,0.005973452522742076,1.0
0.6,qsnn,36,q0_m90_d2_g5,best_ema,100,2000,-0.09991970277308945,0.019883037278581192,-0.09959565571768696,0.02026055534969745,0.999
0.6,qsnn,36,q0_m90_d2_g5,best_ema,500,2000,-0.09991970277308945,0.008891964590813995,-0.10020198633872367,0.00903943182343605,1.0
0.6,qsnn,36,q0_m90_d2_g5,best_ema,1000,2000,-0.09991970277308945,0.006287568460235241,-0.10001208618284124,0.006209953955936143,1.0
0.6,qsnn,36,q0_m90_d2_g5,best_ema,5000,2000,-0.09991970277308945,0.002811886098053936,-0.09986189697013201,0.002813198297673437,1.0
0.6,qsnn,36,q0_m90_d2_g5,best_ema,10000,2000,-0.09991970277308945,0.0019883037278581196,-0.09988235495258735,0.0019842965957751527,1.0
0.6,vqc,36,v0_d2_g5,best_ema,100,2000,-0.3145957393380998,0.06318394742828919,-0.3139191473456221,0.06204534696516046,0.9985
0.6,vqc,36,v0_d2_g5,best_ema,500,2000,-0.3145957393380998,0.028256720307285522,-0.3150426717369855,0.02772692387658845,1.0
0.6,vqc,36,v0_d2_g5,best_ema,1000,2000,-0.3145957393380998,0.01998051854337322,-0.3144133783299001,0.019528933475326103,1.0
0.6,vqc,36,v0_d2_g5,best_ema,5000,2000,-0.3145957393380998,0.00893555953773552,-0.3148953923073682,0.008854096652330981,1.0
0.6,vqc,36,v0_d2_g5,best_ema,10000,2000,-0.3145957393380998,0.006318394742828918,-0.31467027358840405,0.006352187820295151,1.0
0.6,qsnn,37,q0_m90_d2_g5,best_ema,100,2000,-0.25755618928515034,0.048565839030111656,-0.25697820393767223,0.04845351823694989,1.0
0.6,qsnn,37,q0_m90_d2_g5,best_ema,500,2000,-0.25755618928515034,0.02171930349112842,-0.25809891344646557,0.02159426439267976,1.0
0.6,qsnn,37,q0_m90_d2_g5,best_ema,1000,2000,-0.25755618928515034,0.015357866781225561,-0.2574462301464113,0.01475135026103461,1.0
0.6,qsnn,37,q0_m90_d2_g5,best_ema,5000,2000,-0.25755618928515034,0.006868246822441249,-0.2575135797206009,0.006848452060958814,1.0
0.6,qsnn,37,q0_m90_d2_g5,best_ema,10000,2000,-0.25755618928515034,0.004856583903011165,-0.2574192554504927,0.004625447362815651,1.0
0.6,vqc,37,v0_d2_g5,best_ema,100,2000,-0.2768894552359761,0.06594532546044972,-0.2767284234542262,0.06531669350633315,0.9895
0.6,vqc,37,v0_d2_g5,best_ema,500,2000,-0.2768894552359761,0.02949164610558264,-0.2775204967161369,0.029850372603480658,1.0
0.6,vqc,37,v0_d2_g5,best_ema,1000,2000,-0.2768894552359761,0.020853742949611318,-0.2780650751415308,0.02063946284936307,1.0
0.6,vqc,37,v0_d2_g5,best_ema,5000,2000,-0.2768894552359761,0.009326077364127576,-0.2765318024480375,0.009177710361404757,1.0
0.6,vqc,37,v0_d2_g5,best_ema,10000,2000,-0.2768894552359761,0.0065945325460449716,-0.2768631869907344,0.006564780985419416,1.0
0.6,qsnn,38,q0_m90_d2_g5,best_ema,100,2000,-0.04609100023151023,0.009607176058464128,-0.046052305247372305,0.009669128747180612,0.995
0.6,qsnn,38,q0_m90_d2_g5,best_ema,500,2000,-0.04609100023151023,0.004296459747706857,-0.046222139526082534,0.004221426691836547,1.0
0.6,qsnn,38,q0_m90_d2_g5,best_ema,1000,2000,-0.04609100023151023,0.0030380558226985616,-0.0461851519077952,0.0030355226768996736,1.0
0.6,qsnn,38,q0_m90_d2_g5,best_ema,5000,2000,-0.04609100023151023,0.0013586598677986065,-0.04606068922102304,0.0013569077741504203,1.0
0.6,qsnn,38,q0_m90_d2_g5,best_ema,10000,2000,-0.04609100023151023,0.0009607176058464129,-0.04608914100557176,0.0009557041739678884,1.0
0.6,vqc,38,v0_d2_g5,best_ema,100,2000,-0.3691782782396596,0.06722039556930617,-0.36804630527220283,0.06734016910706637,1.0
0.6,vqc,38,v0_d2_g5,best_ema,500,2000,-0.3691782782396596,0.03006187479347885,-0.3710228330865171,0.031149315500293866,1.0
0.6,vqc,38,v0_d2_g5,best_ema,1000,2000,-0.3691782782396596,0.02125695552164984,-0.36924777579742213,0.02123984699437657,1.0
0.6,vqc,38,v0_d2_g5,best_ema,5000,2000,-0.3691782782396596,0.009506399508219708,-0.36950334104754035,0.009638759003003901,1.0
0.6,vqc,38,v0_d2_g5,best_ema,10000,2000,-0.3691782782396596,0.006722039556930617,-0.3693824676404118,0.0068604676305901325,1.0
0.6,qsnn,39,q0_m90_d2_g5,best_ema,100,2000,-0.13130045057304368,0.02594809694819608,-0.13103066932428606,0.0263526559052826,1.0
0.6,qsnn,39,q0_m90_d2_g5,best_ema,500,2000,-0.13130045057304368,0.011604341732584256,-0.13138757674662285,0.0114676863398185,1.0
0.6,qsnn,39,q0_m90_d2_g5,best_ema,1000,2000,-0.13130045057304368,0.008205508730316377,-0.131362894645684,0.008473759641938812,1.0
0.6,qsnn,39,q0_m90_d2_g5,best_ema,5000,2000,-0.13130045057304368,0.0036696150621910815,-0.13126435472107323,0.0036774391749105784,1.0
0.6,qsnn,39,q0_m90_d2_g5,best_ema,10000,2000,-0.13130045057304368,0.002594809694819608,-0.13122914143695402,0.002605670965804018,1.0
0.6,vqc,39,v0_d2_g5,best_ema,100,2000,-0.32055418575539146,0.06535522313614375,-0.32277937212267316,0.06403469038441466,0.9985
0.6,vqc,39,v0_d2_g5,best_ema,500,2000,-0.32055418575539146,0.029227744323416887,-0.32082420318571814,0.02894013133100071,1.0
0.6,vqc,39,v0_d2_g5,best_ema,1000,2000,-0.32055418575539146,0.0206671362098747,-0.3209587904302898,0.02105206014796843,1.0
0.6,vqc,39,v0_d2_g5,best_ema,5000,2000,-0.32055418575539146,0.009242624293105437,-0.3205767816068878,0.009424614382894377,1.0
0.6,vqc,39,v0_d2_g5,best_ema,10000,2000,-0.32055418575539146,0.006535522313614375,-0.3205128916617307,0.006506986367929276,1.0
0.36,qsnn,20,q0_m90_d2_g5,best_ema,100,2000,0.0,0.0,0.0,0.0,0.0
0.36,qsnn,20,q0_m90_d2_g5,best_ema,500,2000,0.0,0.0,0.0,0.0,0.0
0.36,qsnn,20,q0_m90_d2_g5,best_ema,1000,2000,0.0,0.0,0.0,0.0,0.0
0.36,qsnn,20,q0_m90_d2_g5,best_ema,5000,2000,0.0,0.0,0.0,0.0,0.0
0.36,qsnn,20,q0_m90_d2_g5,best_ema,10000,2000,0.0,0.0,0.0,0.0,0.0
0.36,vqc,20,v0_d2_g5,best_ema,100,2000,0.0934688165979935,0.0571678748934007,0.0920146793822717,0.05723096039459324,0.0005
0.36,vqc,20,v0_d2_g5,best_ema,500,2000,0.0934688165979935,0.025566250878169505,0.09358805312377586,0.026124662420884234,0.0
0.36,vqc,20,v0_d2_g5,best_ema,1000,2000,0.0934688165979935,0.018078069365470184,0.09311909175051804,0.01787715299993108,0.0
0.36,vqc,20,v0_d2_g5,best_ema,5000,2000,0.0934688165979935,0.008084758400629563,0.09336288763078278,0.007679990045988682,0.0
0.36,vqc,20,v0_d2_g5,best_ema,10000,2000,0.0934688165979935,0.00571678748934007,0.09343809838325126,0.0057599732359050766,0.0
0.36,qsnn,21,q0_m90_d2_g5,best_ema,100,2000,0.0,0.0,0.0,0.0,0.0
0.36,qsnn,21,q0_m90_d2_g5,best_ema,500,2000,0.0,0.0,0.0,0.0,0.0
0.36,qsnn,21,q0_m90_d2_g5,best_ema,1000,2000,0.0,0.0,0.0,0.0,0.0
0.36,qsnn,21,q0_m90_d2_g5,best_ema,5000,2000,0.0,0.0,0.0,0.0,0.0
0.36,qsnn,21,q0_m90_d2_g5,best_ema,10000,2000,0.0,0.0,0.0,0.0,0.0
0.36,vqc,21,v0_d2_g5,best_ema,100,2000,0.0766903634767933,0.0542208996432132,0.07386929502074026,0.05559856775189221,0.001
0.36,vqc,21,v0_d2_g5,best_ema,500,2000,0.0766903634767933,0.024248323480683762,0.07706171844039601,0.023900797857467713,0.0
0.36,vqc,21,v0_d2_g5,best_ema,1000,2000,0.0766903634767933,0.017146153965596475,0.07720896947257172,0.017126642439882867,0.0
0.36,vqc,21,v0_d2_g5,best_ema,5000,2000,0.0766903634767933,0.007667993163950262,0.07666308984484894,0.007800372286428783,0.0
0.36,vqc,21,v0_d2_g5,best_ema,10000,2000,0.0766903634767933,0.0054220899643213204,0.0768604212690943,0.005467113340671666,0.0
0.36,qsnn,22,q0_m90_d2_g5,best_ema,100,2000,0.0,0.0,0.0,0.0,0.0
0.36,qsnn,22,q0_m90_d2_g5,best_ema,500,2000,0.0,0.0,0.0,0.0,0.0
0.36,qsnn,22,q0_m90_d2_g5,best_ema,1000,2000,0.0,0.0,0.0,0.0,0.0
0.36,qsnn,22,q0_m90_d2_g5,best_ema,5000,2000,0.0,0.0,0.0,0.0,0.0
0.36,qsnn,22,q0_m90_d2_g5,best_ema,10000,2000,0.0,0.0,0.0,0.0,0.0
0.36,vqc,22,v0_d2_g5,best_ema,100,2000,0.07310915149496092,0.03830671326271549,0.07403111945182062,0.03780870984544982,0.0
0.36,vqc,22,v0_d2_g5,best_ema,500,2000,0.07310915149496092,0.017131282970004918,0.07357653695972675,0.01659120208391295,0.0
0.36,vqc,22,v0_d2_g5,best_ema,1000,2000,0.07310915149496092,0.012113646358516096,0.07296378004495206,0.012080096018779258,0.0
0.36,vqc,22,v0_d2_g5,best_ema,5000,2000,0.07310915149496092,0.005417387342606956,0.0731895054210795,0.005460706103298443,0.0
0.36,vqc,22,v0_d2_g5,best_ema,10000,2000,0.07310915149496092,0.0038306713262715487,0.07321232058854567,0.003924004816693079,0.0
0.36,qsnn,23,q0_m90_d2_g5,best_ema,100,2000,0.0,0.0,0.0,0.0,0.0
0.36,qsnn,23,q0_m90_d2_g5,best_ema,500,2000,0.0,0.0,0.0,0.0,0.0
0.36,qsnn,23,q0_m90_d2_g5,best_ema,1000,2000,0.0,0.0,0.0,0.0,0.0
0.36,qsnn,23,q0_m90_d2_g5,best_ema,5000,2000,0.0,0.0,0.0,0.0,0.0
0.36,qsnn,23,q0_m90_d2_g5,best_ema,10000,2000,0.0,0.0,0.0,0.0,0.0
0.36,vqc,23,v0_d2_g5,best_ema,100,2000,0.13504875269229177,0.05263712285098413,0.13451649342066582,0.052295671893846915,0.0
0.36,vqc,23,v0_d2_g5,best_ema,500,2000,0.13504875269229177,0.02354003696696161,0.13517652940760042,0.023660671731164106,0.0
0.36,vqc,23,v0_d2_g5,best_ema,1000,2000,0.13504875269229177,0.01664531976872056,0.13457307128675114,0.016656725118349806,0.0
0.36,vqc,23,v0_d2_g5,best_ema,5000,2000,0.13504875269229177,0.007444013302016052,0.1351228882995269,0.007494684034943086,0.0
0.36,vqc,23,v0_d2_g5,best_ema,10000,2000,0.13504875269229177,0.005263712285098414,0.134991683922022,0.005398408494378971,0.0
0.36,qsnn,24,q0_m90_d2_g5,best_ema,100,2000,0.0,0.0,0.0,0.0,0.0
0.36,qsnn,24,q0_m90_d2_g5,best_ema,500,2000,0.0,0.0,0.0,0.0,0.0
0.36,qsnn,24,q0_m90_d2_g5,best_ema,1000,2000,0.0,0.0,0.0,0.0,0.0
0.36,qsnn,24,q0_m90_d2_g5,best_ema,5000,2000,0.0,0.0,0.0,0.0,0.0
0.36,qsnn,24,q0_m90_d2_g5,best_ema,10000,2000,0.0,0.0,0.0,0.0,0.0
0.36,vqc,24,v0_d2_g5,best_ema,100,2000,0.2587360098847899,0.05593472183571573,0.2588189640181298,0.05493562777552134,0.0
0.36,vqc,24,v0_d2_g5,best_ema,500,2000,0.2587360098847899,0.025014768065440444,0.25921975876255493,0.02492494555645865,0.0
0.36,vqc,24,v0_d2_g5,best_ema,1000,2000,0.2587360098847899,0.017688112128881633,0.2583069538346431,0.017292759000365965,0.0
0.36,vqc,24,v0_d2_g5,best_ema,5000,2000,0.2587360098847899,0.007910364222763571,0.25885575877730865,0.00787981295943772,0.0
0.36,vqc,24,v0_d2_g5,best_ema,10000,2000,0.2587360098847899,0.005593472183571574,0.2587841372584056,0.005734685491351157,0.0
0.36,qsnn,25,q0_m90_d2_g5,best_ema,100,2000,0.0,0.0,0.0,0.0,0.0
0.36,qsnn,25,q0_m90_d2_g5,best_ema,500,2000,0.0,0.0,0.0,0.0,0.0
0.36,qsnn,25,q0_m90_d2_g5,best_ema,1000,2000,0.0,0.0,0.0,0.0,0.0
0.36,qsnn,25,q0_m90_d2_g5,best_ema,5000,2000,0.0,0.0,0.0,0.0,0.0
0.36,qsnn,25,q0_m90_d2_g5,best_ema,10000,2000,0.0,0.0,0.0,0.0,0.0
0.36,vqc,25,v0_d2_g5,best_ema,100,2000,0.14003458329734172,0.05302612670932415,0.13922307419082547,0.053575412677647524,0.0
0.36,vqc,25,v0_d2_g5,best_ema,500,2000,0.14003458329734172,0.023714004781113206,0.13981655630151416,0.023557345214255804,0.0
0.36,vqc,25,v0_d2_g5,best_ema,1000,2000,0.14003458329734172,0.016768333589815356,0.1402299714072079,0.01697715393117815,0.0
0.36,vqc,25,v0_d2_g5,best_ema,5000,2000,0.14003458329734172,0.0074990267552440424,0.1400843197455144,0.00731683035448768,0.0
0.36,vqc,25,v0_d2_g5,best_ema,10000,2000,0.14003458329734172,0.005302612670932415,0.14004880987475707,0.0052242370111361906,0.0
0.36,qsnn,26,q0_m90_d2_g5,best_ema,100,2000,0.0,0.0,0.0,0.0,0.0
0.36,qsnn,26,q0_m90_d2_g5,best_ema,500,2000,0.0,0.0,0.0,0.0,0.0
0.36,qsnn,26,q0_m90_d2_g5,best_ema,1000,2000,0.0,0.0,0.0,0.0,0.0
0.36,qsnn,26,q0_m90_d2_g5,best_ema,5000,2000,0.0,0.0,0.0,0.0,0.0
0.36,qsnn,26,q0_m90_d2_g5,best_ema,10000,2000,0.0,0.0,0.0,0.0,0.0
0.36,vqc,26,v0_d2_g5,best_ema,100,2000,0.10234002800581099,0.047862768082690944,0.10278450420066836,0.047854349136847725,0.0
0.36,vqc,26,v0_d2_g5,best_ema,500,2000,0.10234002800581099,0.02140488060484085,0.10221798235593851,0.021847467276914154,0.0
0.36,vqc,26,v0_d2_g5,best_ema,1000,2000,0.10234002800581099,0.015135536226171373,0.10205907104434357,0.015377359192593226,0.0
0.36,vqc,26,v0_d2_g5,best_ema,5000,2000,0.10234002800581099,0.006768817575525964,0.10245022322381914,0.006770986615077006,0.0
0.36,vqc,26,v0_d2_g5,best_ema,10000,2000,0.10234002800581099,0.004786276808269095,0.10231557490222111,0.004728318130632947,0.0
0.36,qsnn,27,q0_m90_d2_g5,best_ema,100,2000,0.0,0.0,0.0,0.0,0.0
0.36,qsnn,27,q0_m90_d2_g5,best_ema,500,2000,0.0,0.0,0.0,0.0,0.0
0.36,qsnn,27,q0_m90_d2_g5,best_ema,1000,2000,0.0,0.0,0.0,0.0,0.0
0.36,qsnn,27,q0_m90_d2_g5,best_ema,5000,2000,0.0,0.0,0.0,0.0,0.0
0.36,qsnn,27,q0_m90_d2_g5,best_ema,10000,2000,0.0,0.0,0.0,0.0,0.0
0.36,vqc,27,v0_d2_g5,best_ema,100,2000,0.06641017670467313,0.054593084234389404,0.06493800379358038,0.05319264331258695,0.0005
0.36,vqc,27,v0_d2_g5,best_ema,500,2000,0.06641017670467313,0.02441476948989335,0.06672459685826755,0.024160388340111447,0.0
0.36,vqc,27,v0_d2_g5,best_ema,1000,2000,0.06641017670467313,0.017263849067410016,0.06679129258638704,0.017161963817939177,0.0
0.36,vqc,27,v0_d2_g5,best_ema,5000,2000,0.06641017670467313,0.007720628013605029,0.06626868679817983,0.0076699797154588505,0.0
0.36,vqc,27,v0_d2_g5,best_ema,10000,2000,0.06641017670467313,0.0054593084234389406,0.0663553673063561,0.005505515124569578,0.0
0.36,qsnn,28,q0_m90_d2_g5,best_ema,100,2000,0.0,0.0,0.0,0.0,0.0
0.36,qsnn,28,q0_m90_d2_g5,best_ema,500,2000,0.0,0.0,0.0,0.0,0.0
0.36,qsnn,28,q0_m90_d2_g5,best_ema,1000,2000,0.0,0.0,0.0,0.0,0.0
0.36,qsnn,28,q0_m90_d2_g5,best_ema,5000,2000,0.0,0.0,0.0,0.0,0.0
0.36,qsnn,28,q0_m90_d2_g5,best_ema,10000,2000,0.0,0.0,0.0,0.0,0.0
0.36,vqc,28,v0_d2_g5,best_ema,100,2000,0.08783643254195117,0.060308880367953704,0.08775278602692967,0.06118069200883148,0.0005
0.36,vqc,28,v0_d2_g5,best_ema,500,2000,0.08783643254195117,0.026970951229929402,0.08746568471029752,0.027095104338991385,0.0
0.36,vqc,28,v0_d2_g5,best_ema,1000,2000,0.08783643254195117,0.019071342509734735,0.08813612254538455,0.01862640403351649,0.0
0.36,vqc,28,v0_d2_g5,best_ema,5000,2000,0.08783643254195117,0.008528963654789662,0.08789686442659433,0.008321756429346015,0.0
0.36,vqc,28,v0_d2_g5,best_ema,10000,2000,0.08783643254195117,0.00603088803679537,0.0877456374656245,0.005987291727662696,0.0
0.36,qsnn,29,q0_m90_d2_g5,best_ema,100,2000,0.0,0.0,0.0,0.0,0.0
0.36,qsnn,29,q0_m90_d2_g5,best_ema,500,2000,0.0,0.0,0.0,0.0,0.0
0.36,qsnn,29,q0_m90_d2_g5,best_ema,1000,2000,0.0,0.0,0.0,0.0,0.0
0.36,qsnn,29,q0_m90_d2_g5,best_ema,5000,2000,0.0,0.0,0.0,0.0,0.0
0.36,qsnn,29,q0_m90_d2_g5,best_ema,10000,2000,0.0,0.0,0.0,0.0,0.0
0.36,vqc,29,v0_d2_g5,best_ema,100,2000,0.10380000293449106,0.055055321581721786,0.10380421012291273,0.054812868001267445,0.0
0.36,vqc,29,v0_d2_g5,best_ema,500,2000,0.10380000293449106,0.02462148831596823,0.10344757587973429,0.024630810337455677,0.0
0.36,vqc,29,v0_d2_g5,best_ema,1000,2000,0.10380000293449106,0.017410021351126483,0.10443645249562203,0.01801503131339093,0.0
0.36,vqc,29,v0_d2_g5,best_ema,5000,2000,0.10380000293449106,0.007785998246168312,0.10368902980575996,0.007884872892268687,0.0
0.36,vqc,29,v0_d2_g5,best_ema,10000,2000,0.10380000293449106,0.005505532158172179,0.10376307011458157,0.00555833672378303,0.0
0.36,qsnn,30,q0_m90_d2_g5,best_ema,100,2000,0.0,0.0,0.0,0.0,0.0
0.36,qsnn,30,q0_m90_d2_g5,best_ema,500,2000,0.0,0.0,0.0,0.0,0.0
0.36,qsnn,30,q0_m90_d2_g5,best_ema,1000,2000,0.0,0.0,0.0,0.0,0.0
0.36,qsnn,30,q0_m90_d2_g5,best_ema,5000,2000,0.0,0.0,0.0,0.0,0.0
0.36,qsnn,30,q0_m90_d2_g5,best_ema,10000,2000,0.0,0.0,0.0,0.0,0.0
0.36,vqc,30,v0_d2_g5,best_ema,100,2000,0.037368769183591014,0.05926967710558422,0.039060252668160385,0.05892085422724431,0.005
0.36,vqc,30,v0_d2_g5,best_ema,500,2000,0.037368769183591014,0.02650620540250986,0.037851611553729264,0.025878998655007014,0.0
0.36,vqc,30,v0_d2_g5,best_ema,1000,2000,0.037368769183591014,0.018742717583638224,0.03728663759227986,0.018628422415306795,0.0
0.36,vqc,30,v0_d2_g5,best_ema,5000,2000,0.037368769183591014,0.008381998120019133,0.03721290026627172,0.008342605954989772,0.0
0.36,vqc,30,v0_d2_g5,best_ema,10000,2000,0.037368769183591014,0.005926967710558422,0.03731372626654871,0.0058682330657370335,0.0
0.36,qsnn,31,q0_m90_d2_g5,best_ema,100,2000,0.0,0.0,0.0,0.0,0.0
0.36,qsnn,31,q0_m90_d2_g5,best_ema,500,2000,0.0,0.0,0.0,0.0,0.0
0.36,qsnn,31,q0_m90_d2_g5,best_ema,1000,2000,0.0,0.0,0.0,0.0,0.0
0.36,qsnn,31,q0_m90_d2_g5,best_ema,5000,2000,0.0,0.0,0.0,0.0,0.0
0.36,qsnn,31,q0_m90_d2_g5,best_ema,10000,2000,0.0,0.0,0.0,0.0,0.0
0.36,vqc,31,v0_d2_g5,best_ema,100,2000,0.03847738243710762,0.07398133346696929,0.03651208690006495,0.07216472629386037,0.0055
0.36,vqc,31,v0_d2_g5,best_ema,500,2000,0.03847738243710762,0.033085458139644704,0.03921117732138184,0.03342182785822039,0.0005
0.36,vqc,31,v0_d2_g5,best_ema,1000,2000,0.03847738243710762,0.023394951809206425,0.03848645693137255,0.023285347689546137,0.0
0.36,vqc,31,v0_d2_g5,best_ema,5000,2000,0.03847738243710762,0.010462540515143452,0.03784406774227618,0.010410942996005179,0.0
0.36,vqc,31,v0_d2_g5,best_ema,10000,2000,0.03847738243710762,0.007398133346696928,0.03841942884661164,0.007225124170226083,0.0
0.36,qsnn,32,q0_m90_d2_g5,best_ema,100,2000,0.0,0.0,0.0,0.0,0.0
0.36,qsnn,32,q0_m90_d2_g5,best_ema,500,2000,0.0,0.0,0.0,0.0,0.0
0.36,qsnn,32,q0_m90_d2_g5,best_ema,1000,2000,0.0,0.0,0.0,0.0,0.0
0.36,qsnn,32,q0_m90_d2_g5,best_ema,5000,2000,0.0,0.0,0.0,0.0,0.0
0.36,qsnn,32,q0_m90_d2_g5,best_ema,10000,2000,0.0,0.0,0.0,0.0,0.0
0.36,vqc,32,v0_d2_g5,best_ema,100,2000,0.047763950576258346,0.06344961609140416,0.04832852950649531,0.0614929594569561,0.003
0.36,vqc,32,v0_d2_g5,best_ema,500,2000,0.047763950576258346,0.02837553094532884,0.04818578145841391,0.02832960687829925,0.0
0.36,vqc,32,v0_d2_g5,best_ema,1000,2000,0.047763950576258346,0.02006453035121075,0.04752372860783602,0.01941271340945208,0.0
0.36,vqc,32,v0_d2_g5,best_ema,5000,2000,0.047763950576258346,0.008973130760382994,0.04819204464638301,0.009047293245893812,0.0
0.36,vqc,32,v0_d2_g5,best_ema,10000,2000,0.047763950576258346,0.006344961609140416,0.0479517904870729,0.006366546941403788,0.0
0.36,qsnn,33,q0_m90_d2_g5,best_ema,100,2000,0.0,0.0,0.0,0.0,0.0
0.36,qsnn,33,q0_m90_d2_g5,best_ema,500,2000,0.0,0.0,0.0,0.0,0.0
0.36,qsnn,33,q0_m90_d2_g5,best_ema,1000,2000,0.0,0.0,0.0,0.0,0.0
0.36,qsnn,33,q0_m90_d2_g5,best_ema,5000,2000,0.0,0.0,0.0,0.0,0.0
0.36,qsnn,33,q0_m90_d2_g5,best_ema,10000,2000,0.0,0.0,0.0,0.0,0.0
0.36,vqc,33,v0_d2_g5,best_ema,100,2000,0.07307441027726301,0.05080852132335204,0.07357769143358925,0.05164249994895693,0.0005
0.36,vqc,33,v0_d2_g5,best_ema,500,2000,0.07307441027726301,0.022722261503052545,0.07274299527667362,0.022547607715105656,0.0
0.36,vqc,33,v0_d2_g5,best_ema,1000,2000,0.07307441027726301,0.016067065192702488,0.07290796825522602,0.015882206006782924,0.0
0.36,vqc,33,v0_d2_g5,best_ema,5000,2000,0.07307441027726301,0.007185409993960705,0.07310929593167373,0.007330106964630893,0.0
0.36,vqc,33,v0_d2_g5,best_ema,10000,2000,0.07307441027726301,0.005080852132335204,0.07297912320453595,0.005124713066328889,0.0
0.36,qsnn,34,q0_m90_d2_g5,best_ema,100,2000,0.0,0.0,0.0,0.0,0.0
0.36,qsnn,34,q0_m90_d2_g5,best_ema,500,2000,0.0,0.0,0.0,0.0,0.0
0.36,qsnn,34,q0_m90_d2_g5,best_ema,1000,2000,0.0,0.0,0.0,0.0,0.0
0.36,qsnn,34,q0_m90_d2_g5,best_ema,5000,2000,0.0,0.0,0.0,0.0,0.0
0.36,qsnn,34,q0_m90_d2_g5,best_ema,10000,2000,0.0,0.0,0.0,0.0,0.0
0.36,vqc,34,v0_d2_g5,best_ema,100,2000,0.08000520222579521,0.05528475551769881,0.0825111136568341,0.0556383131372848,0.0005
0.36,vqc,34,v0_d2_g5,best_ema,500,2000,0.08000520222579521,0.024724094291406224,0.07981747285907916,0.02504505073013992,0.0
0.36,vqc,34,v0_d2_g5,best_ema,1000,2000,0.08000520222579521,0.01748257473214895,0.0795166798283907,0.017784284594525235,0.0
0.36,vqc,34,v0_d2_g5,best_ema,5000,2000,0.08000520222579521,0.007818445104561046,0.08002660567063921,0.0077996973780031864,0.0
0.36,vqc,34,v0_d2_g5,best_ema,10000,2000,0.08000520222579521,0.005528475551769881,0.07987959920553066,0.0054665947892416,0.0
0.36,qsnn,35,q0_m90_d2_g5,best_ema,100,2000,0.0,0.0,0.0,0.0,0.0
0.36,qsnn,35,q0_m90_d2_g5,best_ema,500,2000,0.0,0.0,0.0,0.0,0.0
0.36,qsnn,35,q0_m90_d2_g5,best_ema,1000,2000,0.0,0.0,0.0,0.0,0.0
0.36,qsnn,35,q0_m90_d2_g5,best_ema,5000,2000,0.0,0.0,0.0,0.0,0.0
0.36,qsnn,35,q0_m90_d2_g5,best_ema,10000,2000,0.0,0.0,0.0,0.0,0.0
0.36,vqc,35,v0_d2_g5,best_ema,100,2000,0.08402071749219714,0.06395565059434055,0.08541412421888302,0.06571268253208297,0.0015
0.36,vqc,35,v0_d2_g5,best_ema,500,2000,0.08402071749219714,0.02860183645483406,0.08306896063512334,0.028161677491199605,0.0
0.36,vqc,35,v0_d2_g5,best_ema,1000,2000,0.08402071749219714,0.020224552511601764,0.08349174995256496,0.020180341287357448,0.0
0.36,vqc,35,v0_d2_g5,best_ema,5000,2000,0.08402071749219714,0.00904469484609113,0.08434856287542707,0.009203566422803448,0.0
0.36,vqc,35,v0_d2_g5,best_ema,10000,2000,0.08402071749219714,0.006395565059434055,0.08419147999049162,0.006459981184492107,0.0
0.36,qsnn,36,q0_m90_d2_g5,best_ema,100,2000,0.0,0.0,0.0,0.0,0.0
0.36,qsnn,36,q0_m90_d2_g5,best_ema,500,2000,0.0,0.0,0.0,0.0,0.0
0.36,qsnn,36,q0_m90_d2_g5,best_ema,1000,2000,0.0,0.0,0.0,0.0,0.0
0.36,qsnn,36,q0_m90_d2_g5,best_ema,5000,2000,0.0,0.0,0.0,0.0,0.0
0.36,qsnn,36,q0_m90_d2_g5,best_ema,10000,2000,0.0,0.0,0.0,0.0,0.0
0.36,vqc,36,v0_d2_g5,best_ema,100,2000,0.1397196719617933,0.051800749695893544,0.14000952992697802,0.051398193995416765,0.0
0.36,vqc,36,v0_d2_g5,best_ema,500,2000,0.1397196719617933,0.023165999521093904,0.13956803824404773,0.023397530582592255,0.0
0.36,vqc,36,v0_d2_g5,best_ema,1000,2000,0.1397196719617933,0.016380835354329812,0.13919171620197493,0.016078731249355847,0.0
0.36,vqc,36,v0_d2_g5,best_ema,5000,2000,0.1397196719617933,0.007325732276102662,0.13984187948397891,0.007309550144105563,0.0
0.36,vqc,36,v0_d2_g5,best_ema,10000,2000,0.1397196719617933,0.005180074969589354,0.1397025008457925,0.005056695978691684,0.0
0.36,qsnn,37,q0_m90_d2_g5,best_ema,100,2000,0.0,0.0,0.0,0.0,0.0
0.36,qsnn,37,q0_m90_d2_g5,best_ema,500,2000,0.0,0.0,0.0,0.0,0.0
0.36,qsnn,37,q0_m90_d2_g5,best_ema,1000,2000,0.0,0.0,0.0,0.0,0.0
0.36,qsnn,37,q0_m90_d2_g5,best_ema,5000,2000,0.0,0.0,0.0,0.0,0.0
0.36,qsnn,37,q0_m90_d2_g5,best_ema,10000,2000,0.0,0.0,0.0,0.0,0.0
0.36,vqc,37,v0_d2_g5,best_ema,100,2000,0.07230898719870997,0.06477780138690659,0.07272852710437445,0.06428377286877107,0.001
0.36,vqc,37,v0_d2_g5,best_ema,500,2000,0.07230898719870997,0.02896951346682066,0.0726365664809543,0.029136540033194182,0.0
0.36,vqc,37,v0_d2_g5,best_ema,1000,2000,0.07230898719870997,0.0204845394200639,0.07233755700415301,0.02055581938201345,0.0
0.36,vqc,37,v0_d2_g5,best_ema,5000,2000,0.07230898719870997,0.0091609645262074,0.07240337699802546,0.00892785279494503,0.0
0.36,vqc,37,v0_d2_g5,best_ema,10000,2000,0.07230898719870997,0.0064777801386906595,0.07220464896575615,0.006623051073973677,0.0
0.36,qsnn,38,q0_m90_d2_g5,best_ema,100,2000,0.0,0.0,0.0,0.0,0.0
0.36,qsnn,38,q0_m90_d2_g5,best_ema,500,2000,0.0,0.0,0.0,0.0,0.0
0.36,qsnn,38,q0_m90_d2_g5,best_ema,1000,2000,0.0,0.0,0.0,0.0,0.0
0.36,qsnn,38,q0_m90_d2_g5,best_ema,5000,2000,0.0,0.0,0.0,0.0,0.0
0.36,qsnn,38,q0_m90_d2_g5,best_ema,10000,2000,0.0,0.0,0.0,0.0,0.0
0.36,vqc,38,v0_d2_g5,best_ema,100,2000,0.059320119498465315,0.06408011139935119,0.05672423367290648,0.063703160474069,0.0025
0.36,vqc,38,v0_d2_g5,best_ema,500,2000,0.059320119498465315,0.028657497018941686,0.0586425200302135,0.028389841509155356,0.0
0.36,vqc,38,v0_d2_g5,best_ema,1000,2000,0.059320119498465315,0.020263910473926935,0.05978068625029874,0.0206358112425982,0.0
0.36,vqc,38,v0_d2_g5,best_ema,5000,2000,0.059320119498465315,0.009062296261934121,0.05912128187750071,0.008938683234261856,0.0
0.36,vqc,38,v0_d2_g5,best_ema,10000,2000,0.059320119498465315,0.006408011139935118,0.05924709455297425,0.006267265625813248,0.0
0.36,qsnn,39,q0_m90_d2_g5,best_ema,100,2000,0.0,0.0,0.0,0.0,0.0
0.36,qsnn,39,q0_m90_d2_g5,best_ema,500,2000,0.0,0.0,0.0,0.0,0.0
0.36,qsnn,39,q0_m90_d2_g5,best_ema,1000,2000,0.0,0.0,0.0,0.0,0.0
0.36,qsnn,39,q0_m90_d2_g5,best_ema,5000,2000,0.0,0.0,0.0,0.0,0.0
0.36,qsnn,39,q0_m90_d2_g5,best_ema,10000,2000,0.0,0.0,0.0,0.0,0.0
0.36,vqc,39,v0_d2_g5,best_ema,100,2000,0.06751984223246528,0.06233782099191938,0.06940190894707572,0.06253690792325528,0.002
0.36,vqc,39,v0_d2_g5,best_ema,500,2000,0.06751984223246528,0.027878321061429023,0.06708986999746736,0.028956796467115842,0.0
0.36,vqc,39,v0_d2_g5,best_ema,1000,2000,0.06751984223246528,0.019712949870632213,0.0668598923022765,0.020943195196825512,0.0
0.36,vqc,39,v0_d2_g5,best_ema,5000,2000,0.06751984223246528,0.008815899189555861,0.06765054666290089,0.008992752135629058,0.0
0.36,vqc,39,v0_d2_g5,best_ema,10000,2000,0.06751984223246528,0.006233782099191938,0.06744706951005182,0.006434665285274453,0.0
